[2026-02-01 05:07:53] [INFO] Plugin initialized
[2026-02-01 05:07:54] [INFO] Plugin initialized
[2026-02-01 05:07:54] [INFO] Plugin initialized
[2026-02-01 05:07:55] [INFO] Plugin initialized
[2026-02-01 05:07:58] [INFO] Plugin initialized
[2026-02-01 05:07:59] [INFO] Plugin initialized
[2026-02-01 05:07:59] [INFO] Plugin initialized
[2026-02-01 05:08:00] [INFO] Plugin initialized
[2026-02-01 05:08:06] [INFO] Plugin initialized
[2026-02-01 05:08:07] [INFO] Plugin initialized
[2026-02-01 05:08:07] [INFO] Plugin initialized
[2026-02-01 05:08:08] [INFO] Plugin initialized
[2026-02-01 05:08:10] [INFO] Plugin initialized
[2026-02-01 05:08:11] [INFO] Plugin initialized
[2026-02-01 05:08:11] [INFO] Plugin initialized
[2026-02-01 05:08:14] [INFO] Plugin initialized
[2026-02-01 05:08:15] [INFO] Plugin initialized
[2026-02-01 05:08:15] [INFO] Plugin initialized
[2026-02-01 05:08:16] [INFO] Plugin initialized
[2026-02-01 05:08:19] [INFO] Plugin initialized
[2026-02-01 05:08:20] [INFO] Plugin initialized
[2026-02-01 05:08:20] [INFO] Plugin initialized
[2026-02-01 05:08:26] [INFO] Plugin initialized
[2026-02-01 05:08:27] [INFO] Plugin initialized
[2026-02-01 05:08:31] [INFO] Plugin initialized
[2026-02-01 05:08:32] [INFO] Plugin initialized
[2026-02-01 05:08:35] [INFO] Plugin initialized
[2026-02-01 05:08:36] [INFO] Plugin initialized
[2026-02-01 05:08:55] [INFO] Plugin initialized
[2026-02-01 05:08:55] [INFO] Plugin initialized
[2026-02-01 05:08:57] [INFO] Plugin initialized
[2026-02-01 05:08:58] [INFO] Plugin initialized
[2026-02-01 05:09:10] [INFO] Plugin initialized
[2026-02-01 05:09:11] [INFO] Plugin initialized
[2026-02-01 05:09:12] [INFO] Plugin initialized
[2026-02-01 05:09:13] [INFO] Plugin initialized
[2026-02-01 05:09:14] [INFO] Plugin initialized
[2026-02-01 05:09:18] [INFO] Plugin initialized
[2026-02-01 05:09:19] [INFO] Plugin initialized
[2026-02-01 05:09:20] [INFO] Plugin initialized
[2026-02-01 05:09:21] [INFO] Plugin initialized
[2026-02-01 05:09:23] [INFO] Plugin initialized
[2026-02-01 05:09:24] [INFO] Plugin initialized
[2026-02-01 05:09:25] [INFO] Plugin initialized
[2026-02-01 05:09:25] [INFO] Plugin initialized
[2026-02-01 05:09:59] [INFO] Plugin initialized
[2026-02-01 05:10:00] [INFO] Plugin initialized
[2026-02-01 05:10:05] [INFO] Plugin initialized
[2026-02-01 05:10:07] [INFO] Plugin initialized
[2026-02-01 05:10:09] [INFO] Plugin initialized
[2026-02-01 05:10:10] [INFO] Plugin initialized
[2026-02-01 05:10:20] [INFO] Plugin initialized
[2026-02-01 05:10:21] [INFO] Plugin initialized
[2026-02-01 05:10:22] [INFO] Plugin initialized
[2026-02-01 05:10:22] [INFO] Plugin initialized
[2026-02-01 05:10:23] [INFO] Plugin initialized
[2026-02-01 05:10:24] [INFO] Plugin initialized
[2026-02-01 05:10:27] [INFO] Plugin initialized
[2026-02-01 05:10:28] [INFO] Plugin initialized
[2026-02-01 05:10:29] [INFO] Plugin initialized
[2026-02-01 05:10:30] [INFO] Plugin initialized
[2026-02-01 05:10:30] [INFO] Plugin initialized
[2026-02-01 05:10:31] [INFO] Plugin initialized
[2026-02-01 05:10:43] [INFO] Plugin initialized
[2026-02-01 05:10:43] [INFO] Plugin initialized
[2026-02-01 05:10:52] [INFO] Plugin initialized
[2026-02-01 05:10:53] [INFO] Plugin initialized
[2026-02-01 05:10:54] [INFO] Plugin initialized
[2026-02-01 05:10:55] [INFO] Plugin initialized
[2026-02-01 05:10:56] [INFO] Plugin initialized
[2026-02-01 05:10:57] [INFO] Plugin initialized
[2026-02-01 05:11:32] [INFO] Plugin initialized
[2026-02-01 05:11:33] [INFO] Plugin initialized
[2026-02-01 05:11:55] [INFO] Plugin initialized
[2026-02-01 05:11:56] [INFO] Plugin initialized
[2026-02-01 05:12:56] [INFO] Plugin initialized
[2026-02-01 05:12:57] [INFO] Plugin initialized
[2026-02-01 05:13:11] [INFO] Plugin initialized
[2026-02-01 05:13:12] [INFO] Plugin initialized
[2026-02-01 05:13:13] [INFO] Plugin initialized
[2026-02-01 05:13:14] [INFO] Plugin initialized
[2026-02-01 05:13:17] [INFO] Plugin initialized
[2026-02-01 05:13:18] [INFO] Plugin initialized
[2026-02-01 05:13:23] [INFO] Plugin initialized
[2026-02-01 05:13:24] [INFO] Plugin initialized
[2026-02-01 05:13:25] [INFO] Plugin initialized
[2026-02-01 05:13:25] [INFO] Plugin initialized
[2026-02-01 05:13:28] [INFO] Plugin initialized
[2026-02-01 05:13:29] [INFO] Plugin initialized
[2026-02-01 05:14:04] [INFO] Plugin initialized
[2026-02-01 05:14:05] [INFO] Plugin initialized
[2026-02-01 05:14:07] [INFO] Plugin initialized
[2026-02-01 05:14:08] [INFO] Plugin initialized
[2026-02-01 05:14:12] [INFO] Plugin initialized
[2026-02-01 05:14:13] [INFO] Plugin initialized
[2026-02-01 05:14:24] [INFO] Plugin initialized
[2026-02-01 05:14:25] [INFO] Plugin initialized
[2026-02-01 05:15:12] [INFO] Plugin initialized
[2026-02-01 05:15:13] [INFO] Plugin initialized
[2026-02-01 05:15:14] [INFO] Plugin initialized
[2026-02-01 05:15:53] [INFO] Plugin initialized
[2026-02-01 05:15:53] [INFO] Plugin initialized
[2026-02-01 05:16:00] [INFO] Plugin initialized
[2026-02-01 05:16:01] [INFO] Plugin initialized
[2026-02-01 05:17:12] [INFO] Plugin initialized
[2026-02-01 05:17:12] [INFO] Plugin initialized
[2026-02-01 05:19:12] [INFO] Plugin initialized
[2026-02-01 05:19:13] [INFO] Plugin initialized
[2026-02-01 05:21:00] [INFO] Plugin initialized
[2026-02-01 05:21:01] [INFO] Plugin initialized
[2026-02-01 05:21:01] [INFO] Plugin initialized
[2026-02-01 05:21:02] [INFO] Plugin initialized
[2026-02-01 05:21:05] [INFO] Plugin initialized
[2026-02-01 05:21:06] [INFO] Plugin initialized
[2026-02-01 05:21:07] [INFO] Plugin initialized
[2026-02-01 05:21:07] [INFO] Plugin initialized
[2026-02-01 05:21:08] [INFO] Plugin initialized
[2026-02-01 05:21:33] [INFO] Plugin initialized
[2026-02-01 05:21:34] [INFO] Plugin initialized
[2026-02-01 05:21:43] [INFO] Plugin initialized
[2026-02-01 05:21:44] [INFO] Plugin initialized
[2026-02-01 05:21:59] [INFO] Plugin initialized
[2026-02-01 05:22:00] [INFO] Plugin initialized
[2026-02-01 05:22:06] [INFO] Plugin initialized
[2026-02-01 05:22:06] [INFO] Plugin initialized
[2026-02-01 05:22:14] [INFO] Plugin initialized
[2026-02-01 05:22:15] [INFO] Plugin initialized
[2026-02-01 05:22:21] [INFO] Plugin initialized
[2026-02-01 05:22:22] [INFO] Plugin initialized
[2026-02-01 05:23:02] [INFO] Plugin initialized
[2026-02-01 05:23:02] [INFO] Assets enqueued for booking form
[2026-02-01 05:23:03] [INFO] Plugin initialized
[2026-02-01 05:23:03] [INFO] Booking form rendered with theme: blue
[2026-02-01 05:23:06] [INFO] Plugin initialized
[2026-02-01 05:23:06] [INFO] Plugin initialized
[2026-02-01 05:23:07] [INFO] Plugin initialized
[2026-02-01 05:23:07] [INFO] Plugin initialized
[2026-02-01 05:23:08] [INFO] Plugin initialized
[2026-02-01 05:23:08] [INFO] Plugin initialized
[2026-02-01 05:23:20] [INFO] Plugin initialized
[2026-02-01 05:23:20] [INFO] Assets enqueued for booking form
[2026-02-01 05:23:21] [INFO] Plugin initialized
[2026-02-01 05:23:21] [INFO] Booking form rendered with theme: blue
[2026-02-01 05:24:44] [INFO] Plugin initialized
[2026-02-01 05:24:45] [INFO] Plugin initialized
[2026-02-01 05:24:48] [INFO] Plugin initialized
[2026-02-01 05:24:48] [INFO] Assets enqueued for booking form
[2026-02-01 05:24:49] [INFO] Plugin initialized
[2026-02-01 05:24:49] [INFO] Booking form rendered with theme: blue
[2026-02-01 05:25:00] [INFO] Plugin initialized
[2026-02-01 05:25:01] [INFO] Plugin initialized
[2026-02-01 05:25:05] [INFO] Plugin initialized
[2026-02-01 05:25:05] [INFO] Plugin initialized
[2026-02-01 05:25:06] [INFO] Plugin initialized
[2026-02-01 05:25:07] [INFO] Plugin initialized
[2026-02-01 05:25:16] [INFO] Plugin initialized
[2026-02-01 05:25:17] [INFO] Plugin initialized
[2026-02-01 05:25:24] [INFO] Plugin initialized
[2026-02-01 05:25:25] [INFO] Assets enqueued for booking form
[2026-02-01 05:25:26] [INFO] Plugin initialized
[2026-02-01 05:25:26] [INFO] Booking form rendered with theme: blue
[2026-02-01 05:25:29] [INFO] Plugin initialized
[2026-02-01 05:25:29] [INFO] Plugin initialized
[2026-02-01 05:25:30] [INFO] Plugin initialized
[2026-02-01 05:25:31] [INFO] Plugin initialized
[2026-02-01 05:25:31] [INFO] Plugin initialized
[2026-02-01 05:25:42] [INFO] Plugin initialized
[2026-02-01 05:25:43] [INFO] Plugin initialized
[2026-02-01 05:25:47] [INFO] Plugin initialized
[2026-02-01 05:25:48] [INFO] Plugin initialized
[2026-02-01 05:25:53] [INFO] Plugin initialized
[2026-02-01 05:25:54] [INFO] Plugin initialized
[2026-02-01 05:26:04] [INFO] Plugin initialized
[2026-02-01 05:26:05] [INFO] Plugin initialized
[2026-02-01 05:26:11] [INFO] Plugin initialized
[2026-02-01 05:26:12] [INFO] Booking form rendered with theme: blue
[2026-02-01 05:26:12] [INFO] Booking form rendered with theme: green
[2026-02-01 05:26:12] [INFO] Booking form rendered with theme: purple
[2026-02-01 05:26:12] [INFO] Plugin initialized
[2026-02-01 05:26:12] [INFO] Plugin initialized
[2026-02-01 05:26:13] [INFO] Plugin initialized
[2026-02-01 05:26:16] [INFO] Plugin initialized
[2026-02-01 05:26:16] [INFO] Assets enqueued for booking form
[2026-02-01 05:26:17] [INFO] Plugin initialized
[2026-02-01 05:26:17] [INFO] Booking form rendered with theme: blue
[2026-02-01 05:26:17] [INFO] Booking form rendered with theme: green
[2026-02-01 05:26:17] [INFO] Booking form rendered with theme: purple
[2026-02-01 05:26:18] [INFO] Plugin initialized
[2026-02-01 05:26:18] [INFO] Plugin initialized
[2026-02-01 05:26:20] [INFO] Plugin initialized
[2026-02-01 05:26:20] [INFO] Plugin initialized
[2026-02-01 05:26:20] [INFO] Plugin initialized
[2026-02-01 05:26:20] [INFO] Plugin initialized
[2026-02-01 05:26:21] [INFO] Plugin initialized
[2026-02-01 05:26:29] [INFO] Plugin initialized
[2026-02-01 05:26:30] [INFO] Plugin initialized
[2026-02-01 05:26:32] [INFO] Plugin initialized
[2026-02-01 05:26:33] [INFO] Plugin initialized
[2026-02-01 05:26:45] [INFO] Plugin initialized
[2026-02-01 05:26:47] [INFO] Plugin initialized
[2026-02-01 05:26:49] [INFO] Plugin initialized
[2026-02-01 05:26:50] [INFO] Plugin initialized
[2026-02-01 05:26:52] [INFO] Plugin initialized
[2026-02-01 05:26:53] [INFO] Booking form rendered with theme: blue
[2026-02-01 05:26:53] [INFO] Booking form rendered with theme: green
[2026-02-01 05:26:53] [INFO] Booking form rendered with theme: purple
[2026-02-01 05:26:54] [INFO] Plugin initialized
[2026-02-01 05:26:56] [INFO] Plugin initialized
[2026-02-01 05:26:56] [INFO] Plugin initialized
[2026-02-01 05:26:57] [INFO] Assets enqueued for booking form
[2026-02-01 05:27:01] [INFO] Plugin initialized
[2026-02-01 05:27:02] [INFO] Booking form rendered with theme: blue
[2026-02-01 05:27:02] [INFO] Booking form rendered with theme: green
[2026-02-01 05:27:02] [INFO] Booking form rendered with theme: purple
[2026-02-01 05:27:02] [INFO] Plugin initialized
[2026-02-01 05:27:03] [INFO] Assets enqueued for booking form
[2026-02-01 05:27:04] [INFO] Booking form rendered with theme: blue
[2026-02-01 05:27:04] [INFO] Booking form rendered with theme: green
[2026-02-01 05:27:04] [INFO] Booking form rendered with theme: purple
[2026-02-01 05:27:06] [INFO] Plugin initialized
[2026-02-01 05:27:07] [INFO] Plugin initialized
[2026-02-01 05:27:08] [INFO] Plugin initialized
[2026-02-01 05:27:09] [INFO] Plugin initialized
[2026-02-01 05:27:10] [INFO] Plugin initialized
[2026-02-01 05:27:10] [INFO] Plugin initialized
[2026-02-01 05:27:27] [INFO] Plugin initialized
[2026-02-01 05:27:27] [INFO] Plugin initialized
[2026-02-01 05:27:47] [INFO] Plugin initialized
[2026-02-01 05:27:48] [INFO] Plugin initialized
[2026-02-01 05:27:55] [INFO] Plugin initialized
[2026-02-01 05:27:56] [INFO] Booking form rendered with theme: blue
[2026-02-01 05:27:56] [INFO] Plugin initialized
[2026-02-01 05:27:57] [INFO] Plugin initialized
[2026-02-01 05:27:58] [INFO] Plugin initialized
[2026-02-01 05:28:01] [INFO] Plugin initialized
[2026-02-01 05:28:02] [INFO] Assets enqueued for booking form
[2026-02-01 05:28:02] [INFO] Plugin initialized
[2026-02-01 05:28:02] [INFO] Booking form rendered with theme: blue
[2026-02-01 05:28:03] [INFO] Plugin initialized
[2026-02-01 05:28:03] [INFO] Plugin initialized
[2026-02-01 05:28:29] [INFO] Plugin initialized
[2026-02-01 05:28:30] [INFO] Plugin initialized
[2026-02-01 05:28:43] [INFO] Plugin initialized
[2026-02-01 05:28:44] [INFO] Plugin initialized
[2026-02-01 05:30:05] [INFO] Plugin initialized
[2026-02-01 05:30:06] [INFO] Plugin initialized
[2026-02-01 05:30:20] [INFO] Plugin initialized
[2026-02-01 05:30:21] [INFO] Plugin initialized
[2026-02-01 05:30:22] [INFO] Plugin initialized
[2026-02-01 05:30:23] [INFO] Plugin initialized
[2026-02-01 05:30:44] [INFO] Plugin initialized
[2026-02-01 05:30:46] [INFO] Plugin initialized
[2026-02-01 05:32:44] [INFO] Plugin initialized
[2026-02-01 05:32:44] [INFO] Plugin initialized
[2026-02-01 05:34:44] [INFO] Plugin initialized
[2026-02-01 05:34:45] [INFO] Plugin initialized
[2026-02-01 05:38:30] [INFO] Plugin initialized
[2026-02-01 05:38:30] [INFO] Assets enqueued for booking form
[2026-02-01 05:38:31] [INFO] Plugin initialized
[2026-02-01 05:38:31] [INFO] Booking form rendered with theme: blue
[2026-02-01 05:38:48] [INFO] Plugin initialized
[2026-02-01 05:38:49] [INFO] Plugin initialized
[2026-02-01 05:38:52] [INFO] Plugin initialized
[2026-02-01 05:38:53] [INFO] Plugin initialized
[2026-02-01 05:39:11] [INFO] Plugin initialized
[2026-02-01 05:39:12] [INFO] Plugin initialized
[2026-02-01 05:39:16] [INFO] Plugin initialized
[2026-02-01 05:39:17] [INFO] Plugin initialized
[2026-02-01 05:39:22] [INFO] Plugin initialized
[2026-02-01 05:39:23] [INFO] Assets enqueued for booking form
[2026-02-01 05:39:24] [INFO] Plugin initialized
[2026-02-01 05:39:24] [INFO] Booking form rendered with theme: blue
[2026-02-01 05:39:49] [INFO] Plugin initialized
[2026-02-01 05:39:49] [INFO] Plugin initialized
[2026-02-01 05:41:48] [INFO] Plugin initialized
[2026-02-01 05:41:49] [INFO] Plugin initialized
[2026-02-01 05:43:48] [INFO] Plugin initialized
[2026-02-01 05:43:49] [INFO] Plugin initialized
[2026-02-01 05:44:29] [INFO] Plugin initialized
[2026-02-01 05:44:30] [INFO] Plugin initialized
[2026-02-01 05:44:44] [INFO] Plugin initialized
[2026-02-01 05:44:45] [INFO] Plugin initialized
[2026-02-01 05:44:48] [INFO] Plugin initialized
[2026-02-01 05:44:48] [INFO] Plugin initialized
[2026-02-01 05:44:48] [INFO] Plugin initialized
[2026-02-01 05:44:52] [INFO] Plugin initialized
[2026-02-01 05:45:20] [INFO] Plugin initialized
[2026-02-01 05:45:37] [INFO] Plugin initialized
[2026-02-01 05:45:40] [INFO] Assets enqueued for booking form
[2026-02-01 05:45:47] [INFO] Booking form rendered with theme: blue
[2026-02-01 05:45:56] [INFO] Plugin initialized
[2026-02-01 05:46:00] [INFO] Plugin initialized
[2026-02-01 05:46:14] [INFO] Plugin initialized
[2026-02-01 05:46:15] [INFO] Assets enqueued for booking form
[2026-02-01 05:46:15] [INFO] Plugin initialized
[2026-02-01 05:46:16] [INFO] Booking form rendered with theme: blue
[2026-02-01 05:47:49] [INFO] Plugin initialized
[2026-02-01 05:47:50] [INFO] Plugin initialized
[2026-02-01 05:49:49] [INFO] Plugin initialized
[2026-02-01 05:49:50] [INFO] Plugin initialized
[2026-02-01 05:51:49] [INFO] Plugin initialized
[2026-02-01 05:51:50] [INFO] Plugin initialized
[2026-02-01 05:53:37] [INFO] Plugin initialized
[2026-02-01 05:53:37] [INFO] Assets enqueued for booking form
[2026-02-01 05:53:38] [INFO] Plugin initialized
[2026-02-01 05:53:38] [INFO] Booking form rendered with theme: blue
[2026-02-01 05:53:48] [INFO] Plugin initialized
[2026-02-01 05:53:49] [INFO] Plugin initialized
[2026-02-01 05:57:59] [INFO] Plugin initialized
[2026-02-01 05:58:00] [INFO] Plugin initialized
[2026-02-01 05:58:03] [INFO] Plugin initialized
[2026-02-01 05:58:04] [INFO] Plugin initialized
[2026-02-01 05:58:07] [INFO] Plugin initialized
[2026-02-01 05:58:08] [INFO] Plugin initialized
[2026-02-01 05:58:12] [INFO] Plugin initialized
[2026-02-01 05:58:13] [INFO] Plugin initialized
[2026-02-01 05:58:20] [INFO] Plugin initialized
[2026-02-01 05:58:20] [INFO] Assets enqueued for booking form
[2026-02-01 05:58:21] [INFO] Plugin initialized
[2026-02-01 05:58:21] [INFO] Booking form rendered with theme: blue
[2026-02-01 05:58:58] [INFO] Plugin initialized
[2026-02-01 05:58:59] [INFO] Plugin initialized
[2026-02-01 05:59:35] [INFO] Plugin initialized
[2026-02-01 05:59:35] [INFO] Assets enqueued for booking form
[2026-02-01 05:59:36] [INFO] Plugin initialized
[2026-02-01 05:59:36] [INFO] Booking form rendered with theme: blue
[2026-02-01 06:01:00] [INFO] Plugin initialized
[2026-02-01 06:01:02] [INFO] Plugin initialized
[2026-02-01 06:03:00] [INFO] Plugin initialized
[2026-02-01 06:03:01] [INFO] Plugin initialized
[2026-02-01 06:04:58] [INFO] Plugin initialized
[2026-02-01 06:04:58] [INFO] Plugin initialized
[2026-02-01 06:05:04] [INFO] Plugin initialized
[2026-02-01 06:05:10] [INFO] Plugin initialized
[2026-02-01 06:05:11] [INFO] Plugin initialized
[2026-02-01 06:05:12] [INFO] Plugin initialized
[2026-02-01 06:05:16] [INFO] Plugin initialized
[2026-02-01 06:05:16] [INFO] Assets enqueued for booking form
[2026-02-01 06:05:17] [INFO] Plugin initialized
[2026-02-01 06:05:18] [INFO] Booking form rendered with theme: blue
[2026-02-01 06:05:18] [INFO] Plugin initialized
[2026-02-01 06:05:58] [INFO] Plugin initialized
[2026-02-01 06:05:59] [INFO] Plugin initialized
[2026-02-01 06:07:59] [INFO] Plugin initialized
[2026-02-01 06:08:00] [INFO] Plugin initialized
[2026-02-01 06:09:58] [INFO] Plugin initialized
[2026-02-01 06:09:59] [INFO] Plugin initialized
[2026-02-01 06:11:58] [INFO] Plugin initialized
[2026-02-01 06:11:59] [INFO] Plugin initialized
[2026-02-01 06:13:58] [INFO] Plugin initialized
[2026-02-01 06:13:59] [INFO] Plugin initialized
[2026-02-01 06:17:29] [INFO] Plugin initialized
[2026-02-01 06:17:29] [INFO] Assets enqueued for booking form
[2026-02-01 06:17:30] [INFO] Plugin initialized
[2026-02-01 06:17:30] [INFO] Booking form rendered with theme: blue
[2026-02-01 06:19:17] [INFO] Plugin initialized
[2026-02-01 06:19:19] [INFO] Plugin initialized
[2026-02-01 06:19:20] [INFO] Plugin initialized
[2026-02-01 06:19:24] [INFO] Plugin initialized
[2026-02-01 06:19:26] [INFO] Plugin initialized
[2026-02-01 06:19:30] [INFO] Plugin initialized
[2026-02-01 06:19:31] [INFO] Plugin initialized
[2026-02-01 06:19:35] [INFO] Plugin initialized
[2026-02-01 06:19:35] [INFO] Assets enqueued for booking form
[2026-02-01 06:19:36] [INFO] Plugin initialized
[2026-02-01 06:19:36] [INFO] Booking form rendered with theme: blue
[2026-02-01 06:19:47] [INFO] Plugin initialized
[2026-02-01 06:19:48] [INFO] Assets enqueued for booking form
[2026-02-01 06:19:48] [INFO] Plugin initialized
[2026-02-01 06:19:49] [INFO] Booking form rendered with theme: blue
[2026-02-01 06:20:16] [INFO] Plugin initialized
[2026-02-01 06:20:17] [INFO] Plugin initialized
[2026-02-01 06:21:31] [INFO] Plugin initialized
[2026-02-01 06:21:32] [INFO] Plugin initialized
[2026-02-01 06:21:33] [INFO] Plugin initialized
[2026-02-01 06:21:36] [INFO] Plugin initialized
[2026-02-01 06:21:36] [INFO] Plugin initialized
[2026-02-01 06:21:40] [INFO] Plugin initialized
[2026-02-01 06:21:41] [INFO] Plugin initialized
[2026-02-01 06:21:52] [INFO] Plugin initialized
[2026-02-01 06:21:52] [INFO] Assets enqueued for booking form
[2026-02-01 06:21:53] [INFO] Plugin initialized
[2026-02-01 06:21:54] [INFO] Booking form rendered with theme: blue
[2026-02-01 06:22:32] [INFO] Plugin initialized
[2026-02-01 06:22:32] [INFO] Plugin initialized
[2026-02-01 06:23:31] [INFO] Plugin initialized
[2026-02-01 06:23:32] [INFO] Plugin initialized
[2026-02-01 06:24:32] [INFO] Plugin initialized
[2026-02-01 06:24:32] [INFO] Plugin initialized
[2026-02-01 06:25:23] [INFO] Plugin initialized
[2026-02-01 06:25:24] [INFO] Plugin initialized
[2026-02-01 06:25:25] [INFO] Plugin initialized
[2026-02-01 06:25:26] [INFO] Plugin initialized
[2026-02-01 06:25:31] [INFO] Plugin initialized
[2026-02-01 06:25:33] [INFO] Plugin initialized
[2026-02-01 06:25:33] [INFO] Plugin initialized
[2026-02-01 06:25:38] [INFO] Plugin initialized
[2026-02-01 06:25:38] [INFO] Assets enqueued for booking form
[2026-02-01 06:25:39] [INFO] Plugin initialized
[2026-02-01 06:25:39] [INFO] Booking form rendered with theme: blue
[2026-02-01 06:27:33] [INFO] Plugin initialized
[2026-02-01 06:27:35] [INFO] Plugin initialized
[2026-02-01 06:29:33] [INFO] Plugin initialized
[2026-02-01 06:29:33] [INFO] Plugin initialized
[2026-02-01 06:31:33] [INFO] Plugin initialized
[2026-02-01 06:31:34] [INFO] Plugin initialized
[2026-02-01 06:33:33] [INFO] Plugin initialized
[2026-02-01 06:33:34] [INFO] Plugin initialized
[2026-02-01 06:45:15] [INFO] Plugin initialized
[2026-02-01 06:45:15] [INFO] Plugin initialized
[2026-02-01 06:45:16] [INFO] Plugin initialized
[2026-02-01 06:45:16] [INFO] Plugin initialized
[2026-02-01 06:45:19] [INFO] Plugin initialized
[2026-02-01 06:45:19] [INFO] Plugin initialized
[2026-02-01 06:45:24] [INFO] Plugin initialized
[2026-02-01 06:45:25] [INFO] Plugin initialized
[2026-02-01 06:45:28] [INFO] Plugin initialized
[2026-02-01 06:45:28] [INFO] Assets enqueued for booking form
[2026-02-01 06:45:29] [INFO] Plugin initialized
[2026-02-01 06:45:29] [INFO] Booking form rendered with theme: blue
[2026-02-01 06:46:13] [INFO] Plugin initialized
[2026-02-01 06:46:14] [INFO] Plugin initialized
[2026-02-01 06:46:17] [INFO] Plugin initialized
[2026-02-01 06:46:18] [INFO] Assets enqueued for booking form
[2026-02-01 06:46:18] [INFO] Plugin initialized
[2026-02-01 06:46:18] [INFO] Booking form rendered with theme: blue
[2026-02-01 06:46:57] [INFO] Plugin initialized
[2026-02-01 06:46:57] [INFO] Plugin initialized
[2026-02-01 06:46:59] [INFO] Plugin initialized
[2026-02-01 06:47:00] [INFO] Plugin initialized
[2026-02-01 06:47:05] [INFO] Plugin initialized
[2026-02-01 06:47:06] [INFO] Plugin initialized
[2026-02-01 06:47:08] [INFO] Plugin initialized
[2026-02-01 06:47:09] [INFO] Assets enqueued for booking form
[2026-02-01 06:47:09] [INFO] Plugin initialized
[2026-02-01 06:47:10] [INFO] Booking form rendered with theme: blue
[2026-02-01 06:47:13] [INFO] Plugin initialized
[2026-02-01 06:47:14] [INFO] Plugin initialized
[2026-02-01 06:48:13] [INFO] Plugin initialized
[2026-02-01 06:48:14] [INFO] Plugin initialized
[2026-02-01 06:49:13] [INFO] Plugin initialized
[2026-02-01 06:49:14] [INFO] Plugin initialized
[2026-02-01 06:50:14] [INFO] Plugin initialized
[2026-02-01 06:50:15] [INFO] Plugin initialized
[2026-02-01 06:51:13] [INFO] Plugin initialized
[2026-02-01 06:51:14] [INFO] Plugin initialized
[2026-02-01 06:52:49] [INFO] Plugin initialized
[2026-02-01 06:52:49] [INFO] Plugin initialized
[2026-02-01 06:52:50] [INFO] Plugin initialized
[2026-02-01 06:52:52] [INFO] Plugin initialized
[2026-02-01 06:52:52] [INFO] Plugin initialized
[2026-02-01 06:52:56] [INFO] Plugin initialized
[2026-02-01 06:52:58] [INFO] Plugin initialized
[2026-02-01 06:53:01] [INFO] Plugin initialized
[2026-02-01 06:53:02] [INFO] Assets enqueued for booking form
[2026-02-01 06:53:03] [INFO] Plugin initialized
[2026-02-01 06:53:04] [INFO] Booking form rendered with theme: blue
[2026-02-01 06:53:50] [INFO] Plugin initialized
[2026-02-01 06:53:51] [INFO] Plugin initialized
[2026-02-01 06:55:50] [INFO] Plugin initialized
[2026-02-01 06:55:51] [INFO] Plugin initialized
[2026-02-01 06:57:51] [INFO] Plugin initialized
[2026-02-01 06:57:52] [INFO] Plugin initialized
[2026-02-01 06:59:49] [INFO] Plugin initialized
[2026-02-01 06:59:50] [INFO] Plugin initialized
[2026-02-01 07:04:50] [INFO] Plugin initialized
[2026-02-01 07:04:50] [INFO] Plugin initialized
[2026-02-01 07:04:51] [INFO] Plugin initialized
[2026-02-01 07:04:54] [INFO] Plugin initialized
[2026-02-01 07:04:54] [INFO] Plugin initialized
[2026-02-01 07:04:58] [INFO] Plugin initialized
[2026-02-01 07:04:59] [INFO] Plugin initialized
[2026-02-01 07:05:05] [INFO] Plugin initialized
[2026-02-01 07:05:06] [INFO] Assets enqueued for booking form
[2026-02-01 07:05:06] [INFO] Plugin initialized
[2026-02-01 07:05:07] [INFO] Booking form rendered with theme: blue
[2026-02-01 07:05:39] [INFO] Plugin initialized
[2026-02-01 07:05:39] [INFO] Assets enqueued for booking form
[2026-02-01 07:05:40] [INFO] Plugin initialized
[2026-02-01 07:05:40] [INFO] Booking form rendered with theme: blue
[2026-02-01 07:05:48] [INFO] Plugin initialized
[2026-02-01 07:05:49] [INFO] Plugin initialized
[2026-02-01 07:06:50] [INFO] Plugin initialized
[2026-02-01 07:06:51] [INFO] Plugin initialized
[2026-02-01 07:08:06] [INFO] Plugin initialized
[2026-02-01 07:08:07] [INFO] Assets enqueued for booking form
[2026-02-01 07:08:07] [INFO] Plugin initialized
[2026-02-01 07:08:08] [INFO] Booking form rendered with theme: blue
[2026-02-01 07:08:18] [INFO] Plugin initialized
[2026-02-01 07:08:19] [INFO] Assets enqueued for booking form
[2026-02-01 07:08:20] [INFO] Plugin initialized
[2026-02-01 07:08:20] [INFO] Booking form rendered with theme: blue
[2026-02-01 07:08:25] [INFO] Plugin initialized
[2026-02-01 07:08:29] [INFO] Plugin initialized
[2026-02-01 07:08:31] [INFO] Plugin initialized
[2026-02-01 07:08:31] [INFO] Plugin initialized
[2026-02-01 07:08:32] [INFO] Plugin initialized
[2026-02-01 07:08:32] [INFO] Plugin initialized
[2026-02-01 07:08:48] [INFO] Plugin initialized
[2026-02-01 07:08:49] [INFO] Plugin initialized
[2026-02-01 07:10:47] [INFO] Plugin initialized
[2026-02-01 07:10:48] [INFO] Plugin initialized
[2026-02-01 07:10:48] [INFO] Plugin initialized
[2026-02-01 07:10:49] [INFO] Plugin initialized
[2026-02-01 07:10:51] [INFO] Plugin initialized
[2026-02-01 07:10:51] [INFO] Plugin initialized
[2026-02-01 07:10:55] [INFO] Plugin initialized
[2026-02-01 07:10:57] [INFO] Plugin initialized
[2026-02-01 07:11:19] [INFO] Plugin initialized
[2026-02-01 07:11:20] [INFO] Plugin initialized
[2026-02-01 07:11:20] [INFO] Plugin initialized
[2026-02-01 07:11:48] [INFO] Plugin initialized
[2026-02-01 07:11:48] [INFO] Plugin initialized
[2026-02-01 07:12:47] [INFO] Plugin initialized
[2026-02-01 07:12:47] [INFO] Plugin initialized
[2026-02-01 07:13:02] [INFO] Plugin initialized
[2026-02-01 07:13:02] [INFO] Assets enqueued for booking form
[2026-02-01 07:13:03] [INFO] Plugin initialized
[2026-02-01 07:13:03] [INFO] Booking form rendered with theme: blue
[2026-02-01 07:13:33] [INFO] Plugin initialized
[2026-02-01 07:13:33] [INFO] Assets enqueued for booking form
[2026-02-01 07:13:34] [INFO] Plugin initialized
[2026-02-01 07:13:34] [INFO] Booking form rendered with theme: blue
[2026-02-01 07:13:41] [INFO] Plugin initialized
[2026-02-01 07:13:42] [INFO] Plugin initialized
[2026-02-01 07:13:46] [INFO] Plugin initialized
[2026-02-01 07:13:47] [INFO] Plugin initialized
[2026-02-01 07:14:02] [INFO] Plugin initialized
[2026-02-01 07:14:02] [INFO] Plugin initialized
[2026-02-01 07:14:03] [INFO] Plugin initialized
[2026-02-01 07:14:49] [INFO] Plugin initialized
[2026-02-01 07:14:50] [INFO] Plugin initialized
[2026-02-01 07:15:49] [INFO] Plugin initialized
[2026-02-01 07:15:52] [INFO] Plugin initialized
[2026-02-01 07:17:49] [INFO] Plugin initialized
[2026-02-01 07:17:51] [INFO] Plugin initialized
[2026-02-01 07:18:46] [INFO] Plugin initialized
[2026-02-01 07:18:47] [INFO] Plugin initialized
[2026-02-01 07:18:47] [INFO] Plugin initialized
[2026-02-01 07:18:49] [INFO] Plugin initialized
[2026-02-01 07:18:50] [INFO] Plugin initialized
[2026-02-01 07:18:52] [INFO] Plugin initialized
[2026-02-01 07:18:54] [INFO] Plugin initialized
[2026-02-01 07:18:57] [INFO] Plugin initialized
[2026-02-01 07:18:57] [INFO] Assets enqueued for booking form
[2026-02-01 07:18:58] [INFO] Plugin initialized
[2026-02-01 07:18:58] [INFO] Booking form rendered with theme: blue
[2026-02-01 07:19:48] [INFO] Plugin initialized
[2026-02-01 07:19:48] [INFO] Plugin initialized
[2026-02-01 07:20:47] [INFO] Plugin initialized
[2026-02-01 07:20:48] [INFO] Plugin initialized
[2026-02-01 07:21:49] [INFO] Plugin initialized
[2026-02-01 07:21:50] [INFO] Plugin initialized
[2026-02-01 07:23:48] [INFO] Plugin initialized
[2026-02-01 07:23:49] [INFO] Plugin initialized
[2026-02-01 07:24:47] [INFO] Plugin initialized
[2026-02-01 07:24:48] [INFO] Plugin initialized
[2026-02-01 07:26:48] [INFO] Plugin initialized
[2026-02-01 07:26:49] [INFO] Plugin initialized
[2026-02-01 07:27:28] [INFO] Plugin initialized
[2026-02-01 07:27:29] [INFO] Plugin initialized
[2026-02-01 07:27:31] [INFO] Plugin initialized
[2026-02-01 07:27:32] [INFO] Plugin initialized
[2026-02-01 07:27:37] [INFO] Plugin initialized
[2026-02-01 07:27:38] [INFO] Plugin initialized
[2026-02-01 07:27:43] [INFO] Plugin initialized
[2026-02-01 07:27:44] [INFO] Assets enqueued for booking form
[2026-02-01 07:27:44] [INFO] Plugin initialized
[2026-02-01 07:27:45] [INFO] Booking form rendered with theme: blue
[2026-02-01 07:27:52] [INFO] Plugin initialized
[2026-02-01 07:27:53] [INFO] Plugin initialized
[2026-02-01 07:28:47] [INFO] Plugin initialized
[2026-02-01 07:28:47] [INFO] Plugin initialized
[2026-02-01 07:29:47] [INFO] Plugin initialized
[2026-02-01 07:29:47] [INFO] Plugin initialized
[2026-02-01 07:30:48] [INFO] Plugin initialized
[2026-02-01 07:30:48] [INFO] Plugin initialized
[2026-02-01 07:30:49] [INFO] Plugin initialized
[2026-02-01 07:30:49] [INFO] Plugin initialized
[2026-02-01 07:30:51] [INFO] Plugin initialized
[2026-02-01 07:30:51] [INFO] Plugin initialized
[2026-02-01 07:30:56] [INFO] Plugin initialized
[2026-02-01 07:30:57] [INFO] Plugin initialized
[2026-02-01 07:30:59] [INFO] Plugin initialized
[2026-02-01 07:31:00] [INFO] Assets enqueued for booking form
[2026-02-01 07:31:01] [INFO] Plugin initialized
[2026-02-01 07:31:01] [INFO] Booking form rendered with theme: blue
[2026-02-01 07:31:47] [INFO] Plugin initialized
[2026-02-01 07:31:48] [INFO] Plugin initialized
[2026-02-01 07:33:30] [INFO] Plugin initialized
[2026-02-01 07:33:30] [INFO] Assets enqueued for booking form
[2026-02-01 07:33:31] [INFO] Plugin initialized
[2026-02-01 07:33:31] [INFO] Booking form rendered with theme: blue
[2026-02-01 07:33:49] [INFO] Plugin initialized
[2026-02-01 07:33:51] [INFO] Plugin initialized
[2026-02-01 07:35:49] [INFO] Plugin initialized
[2026-02-01 07:35:49] [INFO] Plugin initialized
[2026-02-01 07:37:48] [INFO] Plugin initialized
[2026-02-01 07:37:49] [INFO] Plugin initialized
[2026-02-01 07:39:49] [INFO] Plugin initialized
[2026-02-01 07:39:51] [INFO] Plugin initialized
[2026-02-01 07:53:44] [INFO] Plugin initialized
[2026-02-01 07:53:45] [INFO] Plugin initialized
[2026-02-01 07:53:52] [INFO] Plugin initialized
[2026-02-01 07:53:52] [INFO] Plugin initialized
[2026-02-01 07:53:55] [INFO] Plugin initialized
[2026-02-01 07:53:56] [INFO] Plugin initialized
[2026-02-01 07:54:01] [INFO] Plugin initialized
[2026-02-01 07:54:03] [INFO] Plugin initialized
[2026-02-01 07:54:05] [INFO] Plugin initialized
[2026-02-01 07:54:06] [INFO] Assets enqueued for booking form
[2026-02-01 07:54:06] [INFO] Plugin initialized
[2026-02-01 07:54:07] [INFO] Booking form rendered with theme: blue
[2026-02-01 07:54:43] [INFO] Plugin initialized
[2026-02-01 07:54:44] [INFO] Plugin initialized
[2026-02-01 07:56:43] [INFO] Plugin initialized
[2026-02-01 07:56:44] [INFO] Plugin initialized
[2026-02-01 07:57:49] [INFO] Plugin initialized
[2026-02-01 07:57:49] [INFO] Plugin initialized
[2026-02-01 07:59:49] [INFO] Plugin initialized
[2026-02-01 07:59:50] [INFO] Plugin initialized
[2026-02-01 08:01:49] [INFO] Plugin initialized
[2026-02-01 08:01:50] [INFO] Plugin initialized
[2026-02-01 08:03:51] [INFO] Plugin initialized
[2026-02-01 08:03:52] [INFO] Plugin initialized
[2026-02-01 08:05:50] [INFO] Plugin initialized
[2026-02-01 08:05:51] [INFO] Plugin initialized
[2026-02-01 08:07:51] [INFO] Plugin initialized
[2026-02-01 08:07:52] [INFO] Plugin initialized
[2026-02-01 08:22:14] [INFO] Plugin initialized
[2026-02-01 08:22:16] [INFO] Plugin initialized
[2026-02-01 08:22:17] [INFO] Plugin initialized
[2026-02-01 08:22:18] [INFO] Plugin initialized
[2026-02-01 08:22:23] [INFO] Plugin initialized
[2026-02-01 08:22:24] [INFO] Plugin initialized
[2026-02-01 08:22:28] [INFO] Plugin initialized
[2026-02-01 08:22:29] [INFO] Plugin initialized
[2026-02-01 08:22:31] [INFO] Plugin initialized
[2026-02-01 08:22:32] [INFO] Assets enqueued for booking form
[2026-02-01 08:22:34] [INFO] Booking form rendered with theme: blue
[2026-02-01 08:22:34] [INFO] Plugin initialized
[2026-02-01 08:23:15] [INFO] Plugin initialized
[2026-02-01 08:23:16] [INFO] Plugin initialized
[2026-02-01 08:23:34] [INFO] Plugin initialized
[2026-02-01 08:23:35] [INFO] Assets enqueued for booking form
[2026-02-01 08:23:35] [INFO] Plugin initialized
[2026-02-01 08:23:36] [INFO] Booking form rendered with theme: blue
[2026-02-01 08:25:14] [INFO] Plugin initialized
[2026-02-01 08:25:15] [INFO] Plugin initialized
[2026-02-01 08:26:02] [INFO] Plugin initialized
[2026-02-01 08:26:02] [INFO] Plugin initialized
[2026-02-01 08:26:06] [INFO] Plugin initialized
[2026-02-01 08:26:06] [INFO] Plugin initialized
[2026-02-01 08:26:11] [INFO] Plugin initialized
[2026-02-01 08:26:12] [INFO] Plugin initialized
[2026-02-01 08:26:14] [INFO] Plugin initialized
[2026-02-01 08:26:15] [INFO] Plugin initialized
[2026-02-01 08:26:15] [INFO] Plugin initialized
[2026-02-01 08:26:15] [INFO] Assets enqueued for booking form
[2026-02-01 08:26:16] [INFO] Booking form rendered with theme: blue
[2026-02-01 08:26:28] [INFO] Plugin initialized
[2026-02-01 08:26:29] [INFO] Plugin initialized
[2026-02-01 08:26:29] [INFO] Plugin initialized
[2026-02-01 08:26:30] [INFO] Plugin initialized
[2026-02-01 08:26:31] [INFO] Plugin initialized
[2026-02-01 08:26:32] [INFO] Plugin initialized
[2026-02-01 08:26:33] [INFO] Plugin initialized
[2026-02-01 08:26:34] [INFO] Plugin initialized
[2026-02-01 08:28:15] [INFO] Plugin initialized
[2026-02-01 08:28:15] [INFO] Plugin initialized
[2026-02-01 08:29:44] [INFO] Plugin initialized
[2026-02-01 08:29:45] [INFO] Plugin initialized
[2026-02-01 08:29:45] [INFO] Plugin initialized
[2026-02-01 08:29:48] [INFO] Plugin initialized
[2026-02-01 08:29:49] [INFO] Plugin initialized
[2026-02-01 08:29:54] [INFO] Plugin initialized
[2026-02-01 08:29:55] [INFO] Plugin initialized
[2026-02-01 08:30:00] [INFO] Plugin initialized
[2026-02-01 08:30:00] [INFO] Assets enqueued for booking form
[2026-02-01 08:30:09] [INFO] Plugin initialized
[2026-02-01 08:30:12] [INFO] Booking form rendered with theme: blue
[2026-02-01 08:30:29] [INFO] Plugin initialized
[2026-02-01 08:30:30] [INFO] Plugin initialized
[2026-02-01 08:30:32] [INFO] Plugin initialized
[2026-02-01 08:30:33] [INFO] Plugin initialized
[2026-02-01 08:30:43] [INFO] Plugin initialized
[2026-02-01 08:30:43] [INFO] Plugin initialized
[2026-02-01 08:31:43] [INFO] Plugin initialized
[2026-02-01 08:31:44] [INFO] Plugin initialized
[2026-02-01 08:31:45] [INFO] Plugin initialized
[2026-02-01 08:31:46] [INFO] Plugin initialized
[2026-02-01 08:31:58] [INFO] Plugin initialized
[2026-02-01 08:31:59] [INFO] Plugin initialized
[2026-02-01 08:32:01] [INFO] Plugin initialized
[2026-02-01 08:32:02] [INFO] Plugin initialized
[2026-02-01 08:32:07] [INFO] Plugin initialized
[2026-02-01 08:32:09] [INFO] Plugin initialized
[2026-02-01 08:32:11] [INFO] Plugin initialized
[2026-02-01 08:32:12] [INFO] Assets enqueued for booking form
[2026-02-01 08:32:13] [INFO] Plugin initialized
[2026-02-01 08:32:13] [INFO] Booking form rendered with theme: blue
[2026-02-01 08:32:21] [INFO] Plugin initialized
[2026-02-01 08:32:22] [INFO] Plugin initialized
[2026-02-01 08:32:25] [INFO] Plugin initialized
[2026-02-01 08:32:27] [INFO] Plugin initialized
[2026-02-01 08:32:44] [INFO] Plugin initialized
[2026-02-01 08:32:45] [INFO] Plugin initialized
[2026-02-01 08:33:45] [INFO] Plugin initialized
[2026-02-01 08:33:48] [INFO] Plugin initialized
[2026-02-01 08:35:10] [INFO] Plugin initialized
[2026-02-01 08:35:12] [INFO] Plugin initialized
[2026-02-01 08:37:02] [INFO] Plugin initialized
[2026-02-01 08:37:03] [INFO] Plugin initialized
[2026-02-01 08:37:14] [INFO] Plugin initialized
[2026-02-01 08:37:15] [INFO] Plugin initialized
[2026-02-01 08:37:17] [INFO] Plugin initialized
[2026-02-01 08:37:18] [INFO] Plugin initialized
[2026-02-01 08:37:23] [INFO] Plugin initialized
[2026-02-01 08:37:24] [INFO] Plugin initialized
[2026-02-01 08:40:25] [INFO] Plugin initialized
[2026-02-01 08:40:26] [INFO] Plugin initialized
[2026-02-01 08:43:04] [INFO] Plugin initialized
[2026-02-01 08:43:04] [INFO] Plugin initialized
[2026-02-01 08:44:03] [INFO] Plugin initialized
[2026-02-01 08:44:04] [INFO] Plugin initialized
[2026-02-01 08:46:04] [INFO] Plugin initialized
[2026-02-01 08:46:04] [INFO] Plugin initialized
[2026-02-01 08:47:02] [INFO] Plugin initialized
[2026-02-01 08:47:03] [INFO] Plugin initialized
[2026-02-01 08:47:03] [INFO] Plugin initialized
[2026-02-01 08:47:06] [INFO] Plugin initialized
[2026-02-01 08:47:08] [INFO] Plugin initialized
[2026-02-01 08:47:08] [INFO] Plugin initialized
[2026-02-01 08:47:08] [INFO] Plugin initialized
[2026-02-01 08:47:09] [INFO] Plugin initialized
[2026-02-01 08:48:07] [INFO] Plugin initialized
[2026-02-01 08:48:08] [INFO] Plugin initialized
[2026-02-01 08:48:23] [INFO] Plugin initialized
[2026-02-01 08:48:24] [INFO] Plugin initialized
[2026-02-01 08:48:26] [INFO] Plugin initialized
[2026-02-01 08:48:27] [INFO] Plugin initialized
[2026-02-01 08:48:32] [INFO] Plugin initialized
[2026-02-01 08:48:34] [INFO] Plugin initialized
[2026-02-01 08:48:36] [INFO] Plugin initialized
[2026-02-01 08:48:37] [INFO] Assets enqueued for booking form
[2026-02-01 08:48:38] [INFO] Plugin initialized
[2026-02-01 08:48:39] [INFO] Booking form rendered with theme: blue
[2026-02-01 08:48:52] [INFO] Plugin initialized
[2026-02-01 08:48:53] [INFO] Plugin initialized
[2026-02-01 08:49:07] [INFO] Plugin initialized
[2026-02-01 08:49:08] [INFO] Plugin initialized
[2026-02-01 08:50:09] [INFO] Plugin initialized
[2026-02-01 08:50:10] [INFO] Plugin initialized
[2026-02-01 08:51:09] [INFO] Plugin initialized
[2026-02-01 08:51:11] [INFO] Plugin initialized
[2026-02-01 08:53:09] [INFO] Plugin initialized
[2026-02-01 08:53:10] [INFO] Plugin initialized
[2026-02-01 08:53:10] [INFO] Plugin initialized
[2026-02-01 08:53:11] [INFO] Plugin initialized
[2026-02-01 08:53:13] [INFO] Plugin initialized
[2026-02-01 08:53:14] [INFO] Plugin initialized
[2026-02-01 08:53:20] [INFO] Plugin initialized
[2026-02-01 08:53:22] [INFO] Plugin initialized
[2026-02-01 08:53:24] [INFO] Plugin initialized
[2026-02-01 08:53:25] [INFO] Assets enqueued for booking form
[2026-02-01 08:53:26] [INFO] Plugin initialized
[2026-02-01 08:53:26] [INFO] Booking form rendered with theme: blue
[2026-02-01 08:53:39] [INFO] Plugin initialized
[2026-02-01 08:53:40] [INFO] Plugin initialized
[2026-02-01 08:54:09] [INFO] Plugin initialized
[2026-02-01 08:54:10] [INFO] Plugin initialized
[2026-02-01 08:56:10] [INFO] Plugin initialized
[2026-02-01 08:56:11] [INFO] Plugin initialized
[2026-02-01 08:57:20] [INFO] Plugin initialized
[2026-02-01 08:57:20] [INFO] Plugin initialized
[2026-02-01 08:57:22] [INFO] Plugin initialized
[2026-02-01 08:57:23] [INFO] Plugin initialized
[2026-02-01 08:57:25] [INFO] Plugin initialized
[2026-02-01 08:57:26] [INFO] Plugin initialized
[2026-02-01 08:57:32] [INFO] Plugin initialized
[2026-02-01 08:57:33] [INFO] Plugin initialized
[2026-02-01 08:57:36] [INFO] Plugin initialized
[2026-02-01 08:57:36] [INFO] Assets enqueued for booking form
[2026-02-01 08:57:37] [INFO] Plugin initialized
[2026-02-01 08:57:37] [INFO] Booking form rendered with theme: blue
[2026-02-01 08:57:47] [INFO] Plugin initialized
[2026-02-01 08:57:47] [INFO] Plugin initialized
[2026-02-01 08:58:19] [INFO] Plugin initialized
[2026-02-01 08:58:20] [INFO] Plugin initialized
[2026-02-01 08:58:47] [INFO] Plugin initialized
[2026-02-01 08:58:50] [INFO] Plugin initialized
[2026-02-01 08:58:53] [INFO] Plugin initialized
[2026-02-01 08:58:55] [INFO] Plugin initialized
[2026-02-01 08:59:02] [INFO] Plugin initialized
[2026-02-01 08:59:03] [INFO] Plugin initialized
[2026-02-01 08:59:05] [INFO] Plugin initialized
[2026-02-01 08:59:06] [INFO] Assets enqueued for booking form
[2026-02-01 08:59:06] [INFO] Plugin initialized
[2026-02-01 08:59:07] [INFO] Booking form rendered with theme: blue
[2026-02-01 08:59:13] [INFO] Plugin initialized
[2026-02-01 08:59:14] [INFO] Plugin initialized
[2026-02-01 08:59:19] [INFO] Plugin initialized
[2026-02-01 08:59:20] [INFO] Plugin initialized
[2026-02-01 09:00:32] [INFO] Plugin initialized
[2026-02-01 09:00:39] [INFO] Plugin initialized
[2026-02-01 09:02:22] [INFO] Plugin initialized
[2026-02-01 09:02:23] [INFO] Plugin initialized
[2026-02-01 09:03:02] [INFO] Plugin initialized
[2026-02-01 09:03:03] [INFO] Plugin initialized
[2026-02-01 09:03:05] [INFO] Plugin initialized
[2026-02-01 09:03:05] [INFO] Plugin initialized
[2026-02-01 09:03:10] [INFO] Plugin initialized
[2026-02-01 09:03:12] [INFO] Plugin initialized
[2026-02-01 09:03:15] [INFO] Plugin initialized
[2026-02-01 09:03:16] [INFO] Assets enqueued for booking form
[2026-02-01 09:03:16] [INFO] Plugin initialized
[2026-02-01 09:03:17] [INFO] Booking form rendered with theme: blue
[2026-02-01 09:03:21] [INFO] Plugin initialized
[2026-02-01 09:03:22] [INFO] Plugin initialized
[2026-02-01 09:03:24] [INFO] Plugin initialized
[2026-02-01 09:03:25] [INFO] Plugin initialized
[2026-02-01 09:05:21] [INFO] Plugin initialized
[2026-02-01 09:05:21] [INFO] Plugin initialized
[2026-02-01 09:07:20] [INFO] Plugin initialized
[2026-02-01 09:07:21] [INFO] Plugin initialized
[2026-02-01 09:08:04] [INFO] Plugin initialized
[2026-02-01 09:08:04] [INFO] Plugin initialized
[2026-02-01 09:09:20] [INFO] Plugin initialized
[2026-02-01 09:09:21] [INFO] Plugin initialized
[2026-02-01 09:11:20] [INFO] Plugin initialized
[2026-02-01 09:11:21] [INFO] Plugin initialized
[2026-02-01 09:14:39] [INFO] Plugin initialized
[2026-02-01 09:14:40] [INFO] Plugin initialized
[2026-02-01 09:14:41] [INFO] Plugin initialized
[2026-02-01 09:14:44] [INFO] Plugin initialized
[2026-02-01 09:14:45] [INFO] Plugin initialized
[2026-02-01 09:14:50] [INFO] Plugin initialized
[2026-02-01 09:14:52] [INFO] Plugin initialized
[2026-02-01 09:15:11] [INFO] Plugin initialized
[2026-02-01 09:15:12] [INFO] Assets enqueued for booking form
[2026-02-01 09:15:13] [INFO] Plugin initialized
[2026-02-01 09:15:13] [INFO] Booking form rendered with theme: blue
[2026-02-01 09:15:33] [INFO] Plugin initialized
[2026-02-01 09:15:34] [INFO] Plugin initialized
[2026-02-01 09:15:37] [INFO] Plugin initialized
[2026-02-01 09:15:40] [INFO] Plugin initialized
[2026-02-01 09:16:18] [INFO] Plugin initialized
[2026-02-01 09:16:19] [INFO] Plugin initialized
[2026-02-01 09:16:22] [INFO] Plugin initialized
[2026-02-01 09:16:23] [INFO] Plugin initialized
[2026-02-01 09:16:30] [INFO] Plugin initialized
[2026-02-01 09:16:31] [INFO] Plugin initialized
[2026-02-01 09:16:36] [INFO] Plugin initialized
[2026-02-01 09:16:36] [INFO] Assets enqueued for booking form
[2026-02-01 09:16:37] [INFO] Plugin initialized
[2026-02-01 09:16:38] [INFO] Booking form rendered with theme: blue
[2026-02-01 09:16:38] [INFO] Plugin initialized
[2026-02-01 09:16:47] [INFO] Plugin initialized
[2026-02-01 09:16:47] [INFO] Plugin initialized
[2026-02-01 09:16:50] [INFO] Plugin initialized
[2026-02-01 09:16:50] [INFO] Plugin initialized
[2026-02-01 09:16:51] [INFO] Plugin initialized
[2026-02-01 09:16:52] [INFO] Plugin initialized
[2026-02-01 09:16:52] [INFO] Plugin initialized
[2026-02-01 09:16:52] [INFO] Plugin initialized
[2026-02-01 09:16:53] [INFO] Plugin initialized
[2026-02-01 09:16:53] [INFO] Plugin initialized
[2026-02-01 09:16:53] [INFO] Plugin initialized
[2026-02-01 09:17:29] [INFO] Plugin initialized
[2026-02-01 09:17:31] [INFO] Plugin initialized
[2026-02-01 09:17:34] [INFO] Plugin initialized
[2026-02-01 09:17:36] [INFO] Plugin initialized
[2026-02-01 09:17:38] [INFO] Plugin initialized
[2026-02-01 09:17:38] [INFO] Plugin initialized
[2026-02-01 09:17:39] [INFO] Assets enqueued for booking form
[2026-02-01 09:17:40] [INFO] Plugin initialized
[2026-02-01 09:17:41] [INFO] Booking form rendered with theme: blue
[2026-02-01 09:17:46] [INFO] Plugin initialized
[2026-02-01 09:17:47] [INFO] Plugin initialized
[2026-02-01 09:17:49] [INFO] Plugin initialized
[2026-02-01 09:17:49] [INFO] Plugin initialized
[2026-02-01 09:17:50] [INFO] Plugin initialized
[2026-02-01 09:17:51] [INFO] Plugin initialized
[2026-02-01 09:17:51] [INFO] Assets enqueued for booking form
[2026-02-01 09:17:52] [INFO] Booking form rendered with theme: blue
[2026-02-01 09:17:58] [INFO] Plugin initialized
[2026-02-01 09:17:58] [INFO] Plugin initialized
[2026-02-01 09:18:00] [INFO] Plugin initialized
[2026-02-01 09:18:01] [INFO] Plugin initialized
[2026-02-01 09:18:06] [INFO] Plugin initialized
[2026-02-01 09:18:07] [INFO] Plugin initialized
[2026-02-01 09:19:38] [INFO] Plugin initialized
[2026-02-01 09:19:39] [INFO] Plugin initialized
[2026-02-01 09:20:37] [INFO] Plugin initialized
[2026-02-01 09:20:38] [INFO] Plugin initialized
[2026-02-01 09:20:38] [INFO] Plugin initialized
[2026-02-01 09:20:41] [INFO] Plugin initialized
[2026-02-01 09:20:42] [INFO] Plugin initialized
[2026-02-01 09:20:46] [INFO] Plugin initialized
[2026-02-01 09:20:47] [INFO] Plugin initialized
[2026-02-01 09:20:50] [INFO] Plugin initialized
[2026-02-01 09:20:51] [INFO] Assets enqueued for booking form
[2026-02-01 09:20:51] [INFO] Plugin initialized
[2026-02-01 09:20:52] [INFO] Booking form rendered with theme: blue
[2026-02-01 09:21:33] [INFO] Plugin initialized
[2026-02-01 09:21:34] [INFO] Plugin initialized
[2026-02-01 09:21:37] [INFO] Plugin initialized
[2026-02-01 09:21:38] [INFO] Plugin initialized
[2026-02-01 09:21:47] [INFO] Plugin initialized
[2026-02-01 09:21:48] [INFO] Plugin initialized
[2026-02-01 09:23:37] [INFO] Plugin initialized
[2026-02-01 09:23:38] [INFO] Plugin initialized
[2026-02-01 09:25:22] [INFO] Plugin initialized
[2026-02-01 09:25:22] [INFO] Plugin initialized
[2026-02-01 09:25:23] [INFO] Plugin initialized
[2026-02-01 09:25:25] [INFO] Plugin initialized
[2026-02-01 09:25:26] [INFO] Plugin initialized
[2026-02-01 09:25:31] [INFO] Plugin initialized
[2026-02-01 09:25:32] [INFO] Plugin initialized
[2026-02-01 09:25:35] [INFO] Plugin initialized
[2026-02-01 09:25:36] [INFO] Assets enqueued for booking form
[2026-02-01 09:25:36] [INFO] Plugin initialized
[2026-02-01 09:25:37] [INFO] Booking form rendered with theme: blue
[2026-02-01 09:26:23] [INFO] Plugin initialized
[2026-02-01 09:26:24] [INFO] Plugin initialized
[2026-02-01 09:27:56] [INFO] Plugin initialized
[2026-02-01 09:27:56] [INFO] Assets enqueued for booking form
[2026-02-01 09:27:56] [INFO] Plugin initialized
[2026-02-01 09:27:57] [INFO] Booking form rendered with theme: blue
[2026-02-01 09:28:06] [INFO] Plugin initialized
[2026-02-01 09:28:06] [INFO] Plugin initialized
[2026-02-01 09:28:19] [INFO] Plugin initialized
[2026-02-01 09:28:20] [INFO] Plugin initialized
[2026-02-01 09:28:21] [INFO] Plugin initialized
[2026-02-01 09:28:21] [INFO] Plugin initialized
[2026-02-01 09:30:21] [INFO] Plugin initialized
[2026-02-01 09:30:22] [INFO] Plugin initialized
[2026-02-01 09:32:22] [INFO] Plugin initialized
[2026-02-01 09:32:22] [INFO] Plugin initialized
[2026-02-01 09:32:23] [INFO] Assets enqueued for booking form
[2026-02-01 09:32:23] [INFO] Plugin initialized
[2026-02-01 09:32:23] [INFO] Booking form rendered with theme: blue
[2026-02-01 09:32:31] [INFO] Plugin initialized
[2026-02-01 09:32:32] [INFO] Plugin initialized
[2026-02-01 09:33:22] [INFO] Plugin initialized
[2026-02-01 09:33:23] [INFO] Plugin initialized
[2026-02-01 09:35:22] [INFO] Plugin initialized
[2026-02-01 09:35:23] [INFO] Plugin initialized
[2026-02-01 09:36:31] [INFO] Plugin initialized
[2026-02-01 09:36:31] [INFO] Plugin initialized
[2026-02-01 09:36:32] [INFO] Plugin initialized
[2026-02-01 09:36:34] [INFO] Plugin initialized
[2026-02-01 09:36:34] [INFO] Plugin initialized
[2026-02-01 09:36:39] [INFO] Plugin initialized
[2026-02-01 09:36:40] [INFO] Plugin initialized
[2026-02-01 09:36:48] [INFO] Plugin initialized
[2026-02-01 09:36:49] [INFO] Assets enqueued for booking form
[2026-02-01 09:36:49] [INFO] Plugin initialized
[2026-02-01 09:36:49] [INFO] Booking form rendered with theme: blue
[2026-02-01 09:36:57] [INFO] Plugin initialized
[2026-02-01 09:36:57] [INFO] Plugin initialized
[2026-02-01 09:37:30] [INFO] Plugin initialized
[2026-02-01 09:37:31] [INFO] Plugin initialized
[2026-02-01 09:38:04] [INFO] Plugin initialized
[2026-02-01 09:38:05] [INFO] Plugin initialized
[2026-02-01 09:38:17] [INFO] Plugin initialized
[2026-02-01 09:38:20] [INFO] Plugin initialized
[2026-02-01 09:38:28] [INFO] Plugin initialized
[2026-02-01 09:38:29] [INFO] Plugin initialized
[2026-02-01 09:38:30] [INFO] Plugin initialized
[2026-02-01 09:38:31] [INFO] Plugin initialized
[2026-02-01 09:38:32] [INFO] Plugin initialized
[2026-02-01 09:38:32] [INFO] Assets enqueued for booking form
[2026-02-01 09:38:33] [INFO] Plugin initialized
[2026-02-01 09:38:33] [INFO] Booking form rendered with theme: blue
[2026-02-01 09:38:39] [INFO] Plugin initialized
[2026-02-01 09:38:39] [INFO] Plugin initialized
[2026-02-01 09:40:23] [INFO] Plugin initialized
[2026-02-01 09:40:24] [INFO] Plugin initialized
[2026-02-01 09:40:24] [INFO] Plugin initialized
[2026-02-01 09:40:26] [INFO] Plugin initialized
[2026-02-01 09:40:27] [INFO] Plugin initialized
[2026-02-01 09:40:33] [INFO] Plugin initialized
[2026-02-01 09:40:34] [INFO] Plugin initialized
[2026-02-01 09:41:23] [INFO] Plugin initialized
[2026-02-01 09:41:24] [INFO] Plugin initialized
[2026-02-01 09:41:33] [INFO] Plugin initialized
[2026-02-01 09:41:34] [INFO] Plugin initialized
[2026-02-01 09:41:36] [INFO] Plugin initialized
[2026-02-01 09:41:37] [INFO] Plugin initialized
[2026-02-01 09:43:05] [INFO] Plugin initialized
[2026-02-01 09:43:05] [INFO] Plugin initialized
[2026-02-01 09:43:22] [INFO] Plugin initialized
[2026-02-01 09:43:23] [INFO] Plugin initialized
[2026-02-01 09:45:24] [INFO] Plugin initialized
[2026-02-01 09:45:25] [INFO] Plugin initialized
[2026-02-01 09:47:23] [INFO] Plugin initialized
[2026-02-01 09:47:23] [INFO] Plugin initialized
[2026-02-01 09:49:25] [INFO] Plugin initialized
[2026-02-01 09:49:26] [INFO] Plugin initialized
[2026-02-01 09:59:04] [INFO] Plugin initialized
[2026-02-01 09:59:04] [INFO] Plugin initialized
[2026-02-01 09:59:05] [INFO] Plugin initialized
[2026-02-01 09:59:08] [INFO] Plugin initialized
[2026-02-01 09:59:08] [INFO] Plugin initialized
[2026-02-01 09:59:14] [INFO] Plugin initialized
[2026-02-01 09:59:15] [INFO] Plugin initialized
[2026-02-01 09:59:29] [INFO] Plugin initialized
[2026-02-01 09:59:29] [INFO] Assets enqueued for booking form
[2026-02-01 09:59:30] [INFO] Plugin initialized
[2026-02-01 09:59:30] [INFO] Booking form rendered with theme: blue
[2026-02-01 09:59:39] [INFO] Plugin initialized
[2026-02-01 09:59:40] [INFO] Plugin initialized
[2026-02-01 10:00:11] [INFO] Plugin initialized
[2026-02-01 10:00:26] [INFO] Plugin initialized
[2026-02-01 10:00:33] [INFO] Plugin initialized
[2026-02-01 10:00:34] [INFO] Plugin initialized
[2026-02-01 10:00:37] [INFO] Plugin initialized
[2026-02-01 10:00:38] [INFO] Plugin initialized
[2026-02-01 10:00:46] [INFO] Plugin initialized
[2026-02-01 10:00:48] [INFO] Plugin initialized
[2026-02-01 10:00:51] [INFO] Plugin initialized
[2026-02-01 10:00:52] [INFO] Assets enqueued for booking form
[2026-02-01 10:00:53] [INFO] Plugin initialized
[2026-02-01 10:00:53] [INFO] Booking form rendered with theme: blue
[2026-02-01 10:01:03] [INFO] Plugin initialized
[2026-02-01 10:01:04] [INFO] Plugin initialized
[2026-02-01 10:01:21] [INFO] Plugin initialized
[2026-02-01 10:01:21] [INFO] Plugin initialized
[2026-02-01 10:02:03] [INFO] Plugin initialized
[2026-02-01 10:02:04] [INFO] Plugin initialized
[2026-02-01 10:04:01] [INFO] Plugin initialized
[2026-02-01 10:04:02] [INFO] Plugin initialized
[2026-02-01 10:04:02] [INFO] Plugin initialized
[2026-02-01 10:04:04] [INFO] Plugin initialized
[2026-02-01 10:04:05] [INFO] Plugin initialized
[2026-02-01 10:04:10] [INFO] Plugin initialized
[2026-02-01 10:04:12] [INFO] Plugin initialized
[2026-02-01 10:04:14] [INFO] Plugin initialized
[2026-02-01 10:04:15] [INFO] Assets enqueued for booking form
[2026-02-01 10:04:16] [INFO] Plugin initialized
[2026-02-01 10:04:16] [INFO] Booking form rendered with theme: blue
[2026-02-01 10:04:17] [INFO] Plugin initialized
[2026-02-01 10:04:17] [INFO] Assets enqueued for booking form
[2026-02-01 10:04:18] [INFO] Booking form rendered with theme: blue
[2026-02-01 10:04:29] [INFO] Plugin initialized
[2026-02-01 10:04:29] [INFO] Plugin initialized
[2026-02-01 10:05:01] [INFO] Plugin initialized
[2026-02-01 10:05:10] [INFO] Plugin initialized
[2026-02-01 10:07:02] [INFO] Plugin initialized
[2026-02-01 10:07:02] [INFO] Plugin initialized
[2026-02-01 10:09:05] [INFO] Plugin initialized
[2026-02-01 10:09:07] [INFO] Plugin initialized
[2026-02-01 10:11:03] [INFO] Plugin initialized
[2026-02-01 10:11:04] [INFO] Plugin initialized
[2026-02-01 10:13:03] [INFO] Plugin initialized
[2026-02-01 10:13:04] [INFO] Plugin initialized
[2026-02-01 10:22:33] [INFO] Plugin initialized
[2026-02-01 10:22:37] [INFO] Plugin initialized
[2026-02-01 10:22:39] [INFO] Plugin initialized
[2026-02-01 10:22:43] [INFO] Plugin initialized
[2026-02-01 10:22:44] [INFO] Plugin initialized
[2026-02-01 10:23:31] [INFO] Plugin initialized
[2026-02-01 10:23:33] [INFO] Plugin initialized
[2026-02-01 10:25:32] [INFO] Plugin initialized
[2026-02-01 10:25:33] [INFO] Plugin initialized
[2026-02-01 10:27:30] [INFO] Plugin initialized
[2026-02-01 10:27:31] [INFO] Plugin initialized
[2026-02-01 10:27:33] [INFO] Plugin initialized
[2026-02-01 10:27:34] [INFO] Plugin initialized
[2026-02-01 10:27:37] [INFO] Plugin initialized
[2026-02-01 10:27:38] [INFO] Plugin initialized
[2026-02-01 10:27:48] [INFO] Plugin initialized
[2026-02-01 10:27:49] [INFO] Plugin initialized
[2026-02-01 10:27:53] [INFO] Plugin initialized
[2026-02-01 10:27:54] [INFO] Assets enqueued for booking form
[2026-02-01 10:27:54] [INFO] Plugin initialized
[2026-02-01 10:27:55] [INFO] Booking form rendered with theme: blue
[2026-02-01 10:28:14] [INFO] Plugin initialized
[2026-02-01 10:28:15] [INFO] Plugin initialized
[2026-02-01 10:28:30] [INFO] Plugin initialized
[2026-02-01 10:28:30] [INFO] Plugin initialized
[2026-02-01 10:29:22] [INFO] Plugin initialized
[2026-02-01 10:29:23] [INFO] Plugin initialized
[2026-02-01 10:29:26] [INFO] Plugin initialized
[2026-02-01 10:29:26] [INFO] Plugin initialized
[2026-02-01 10:29:31] [INFO] Plugin initialized
[2026-02-01 10:29:32] [INFO] Plugin initialized
[2026-02-01 10:29:34] [INFO] Plugin initialized
[2026-02-01 10:29:36] [INFO] Plugin initialized
[2026-02-01 10:29:44] [INFO] Plugin initialized
[2026-02-01 10:29:44] [INFO] Assets enqueued for booking form
[2026-02-01 10:29:45] [INFO] Plugin initialized
[2026-02-01 10:29:45] [INFO] Booking form rendered with theme: blue
[2026-02-01 10:30:18] [INFO] Plugin initialized
[2026-02-01 10:30:19] [INFO] Plugin initialized
[2026-02-01 10:30:21] [INFO] Plugin initialized
[2026-02-01 10:30:22] [INFO] Plugin initialized
[2026-02-01 10:30:27] [INFO] Plugin initialized
[2026-02-01 10:30:29] [INFO] Plugin initialized
[2026-02-01 10:30:32] [INFO] Plugin initialized
[2026-02-01 10:30:32] [INFO] Plugin initialized
[2026-02-01 10:30:35] [INFO] Plugin initialized
[2026-02-01 10:30:35] [INFO] Assets enqueued for booking form
[2026-02-01 10:30:37] [INFO] Plugin initialized
[2026-02-01 10:30:37] [INFO] Booking form rendered with theme: blue
[2026-02-01 10:31:33] [INFO] Plugin initialized
[2026-02-01 10:31:33] [INFO] Plugin initialized
[2026-02-01 10:31:56] [INFO] Plugin initialized
[2026-02-01 10:31:56] [INFO] Plugin initialized
[2026-02-01 10:31:59] [INFO] Plugin initialized
[2026-02-01 10:31:59] [INFO] Plugin initialized
[2026-02-01 10:32:05] [INFO] Plugin initialized
[2026-02-01 10:32:06] [INFO] Plugin initialized
[2026-02-01 10:32:09] [INFO] Plugin initialized
[2026-02-01 10:32:10] [INFO] Assets enqueued for booking form
[2026-02-01 10:32:11] [INFO] Plugin initialized
[2026-02-01 10:32:11] [INFO] Booking form rendered with theme: blue
[2026-02-01 10:32:32] [INFO] Plugin initialized
[2026-02-01 10:32:33] [INFO] Plugin initialized
[2026-02-01 10:34:05] [INFO] Plugin initialized
[2026-02-01 10:34:07] [INFO] Plugin initialized
[2026-02-01 10:34:19] [INFO] Plugin initialized
[2026-02-01 10:34:20] [INFO] Plugin initialized
[2026-02-01 10:34:32] [INFO] Plugin initialized
[2026-02-01 10:34:32] [INFO] Plugin initialized
[2026-02-01 10:34:35] [INFO] Plugin initialized
[2026-02-01 10:34:35] [INFO] Plugin initialized
[2026-02-01 10:35:12] [INFO] Plugin initialized
[2026-02-01 10:35:13] [INFO] Plugin initialized
[2026-02-01 10:35:15] [INFO] Plugin initialized
[2026-02-01 10:35:17] [INFO] Plugin initialized
[2026-02-01 10:35:18] [INFO] Plugin initialized
[2026-02-01 10:35:18] [INFO] Plugin initialized
[2026-02-01 10:36:13] [INFO] Plugin initialized
[2026-02-01 10:36:14] [INFO] Plugin initialized
[2026-02-01 10:36:17] [INFO] Plugin initialized
[2026-02-01 10:36:18] [INFO] Plugin initialized
[2026-02-01 10:36:21] [INFO] Plugin initialized
[2026-02-01 10:36:21] [INFO] Plugin initialized
[2026-02-01 10:36:28] [INFO] Plugin initialized
[2026-02-01 10:36:30] [INFO] Plugin initialized
[2026-02-01 10:36:49] [INFO] Plugin initialized
[2026-02-01 10:36:50] [INFO] Assets enqueued for booking form
[2026-02-01 10:36:51] [INFO] Plugin initialized
[2026-02-01 10:36:51] [INFO] Booking form rendered with theme: blue
[2026-02-01 10:37:07] [INFO] Plugin initialized
[2026-02-01 10:37:08] [INFO] Plugin initialized
[2026-02-01 10:37:12] [INFO] Plugin initialized
[2026-02-01 10:37:13] [INFO] Plugin initialized
[2026-02-01 10:38:13] [INFO] Plugin initialized
[2026-02-01 10:38:14] [INFO] Plugin initialized
[2026-02-01 10:39:45] [INFO] Plugin initialized
[2026-02-01 10:39:46] [INFO] Plugin initialized
[2026-02-01 10:39:49] [INFO] Plugin initialized
[2026-02-01 10:39:52] [INFO] Plugin initialized
[2026-02-01 10:39:55] [INFO] Plugin initialized
[2026-02-01 10:40:13] [INFO] Plugin initialized
[2026-02-01 10:40:14] [INFO] Plugin initialized
[2026-02-01 10:40:18] [INFO] Plugin initialized
[2026-02-01 10:40:19] [INFO] Assets enqueued for booking form
[2026-02-01 10:40:19] [INFO] Plugin initialized
[2026-02-01 10:40:20] [INFO] Booking form rendered with theme: blue
[2026-02-01 10:40:42] [INFO] Plugin initialized
[2026-02-01 10:40:43] [INFO] Plugin initialized
[2026-02-01 10:41:42] [INFO] Plugin initialized
[2026-02-01 10:41:43] [INFO] Plugin initialized
[2026-02-01 10:42:57] [INFO] Plugin initialized
[2026-02-01 10:42:58] [INFO] Plugin initialized
[2026-02-01 10:42:59] [INFO] Plugin initialized
[2026-02-01 10:43:00] [INFO] Plugin initialized
[2026-02-01 10:43:03] [INFO] Plugin initialized
[2026-02-01 10:43:04] [INFO] Plugin initialized
[2026-02-01 10:43:10] [INFO] Plugin initialized
[2026-02-01 10:43:11] [INFO] Plugin initialized
[2026-02-01 10:43:14] [INFO] Plugin initialized
[2026-02-01 10:43:15] [INFO] Assets enqueued for booking form
[2026-02-01 10:43:15] [INFO] Plugin initialized
[2026-02-01 10:43:16] [INFO] Booking form rendered with theme: blue
[2026-02-01 10:43:37] [INFO] Plugin initialized
[2026-02-01 10:43:38] [INFO] Plugin initialized
[2026-02-01 10:43:38] [INFO] Plugin initialized
[2026-02-01 10:43:51] [INFO] Plugin initialized
[2026-02-01 10:43:52] [INFO] Plugin initialized
[2026-02-01 10:43:55] [INFO] Plugin initialized
[2026-02-01 10:43:56] [INFO] Plugin initialized
[2026-02-01 10:44:56] [INFO] Plugin initialized
[2026-02-01 10:44:56] [INFO] Plugin initialized
[2026-02-01 10:46:56] [INFO] Plugin initialized
[2026-02-01 10:46:56] [INFO] Plugin initialized
[2026-02-01 10:47:37] [INFO] Plugin initialized
[2026-02-01 10:47:37] [INFO] Plugin initialized
[2026-02-01 10:47:41] [INFO] Plugin initialized
[2026-02-01 10:47:42] [INFO] Plugin initialized
[2026-02-01 10:47:50] [INFO] Plugin initialized
[2026-02-01 10:47:51] [INFO] Plugin initialized
[2026-02-01 10:47:55] [INFO] Plugin initialized
[2026-02-01 10:47:56] [INFO] Plugin initialized
[2026-02-01 10:48:09] [INFO] Plugin initialized
[2026-02-01 10:48:15] [INFO] Plugin initialized
[2026-02-01 10:48:25] [INFO] Plugin initialized
[2026-02-01 10:48:26] [INFO] Plugin initialized
[2026-02-01 10:48:58] [INFO] Plugin initialized
[2026-02-01 10:48:59] [INFO] Plugin initialized
[2026-02-01 10:49:00] [INFO] Plugin initialized
[2026-02-01 10:49:07] [INFO] Plugin initialized
[2026-02-01 10:49:07] [INFO] Plugin initialized
[2026-02-01 10:49:11] [INFO] Plugin initialized
[2026-02-01 10:49:12] [INFO] Plugin initialized
[2026-02-01 10:49:19] [INFO] Plugin initialized
[2026-02-01 10:49:20] [INFO] Plugin initialized
[2026-02-01 10:49:57] [INFO] Plugin initialized
[2026-02-01 10:49:58] [INFO] Plugin initialized
[2026-02-01 10:49:58] [INFO] Plugin initialized
[2026-02-01 10:50:06] [INFO] Plugin initialized
[2026-02-01 10:50:07] [INFO] Plugin initialized
[2026-02-01 10:51:57] [INFO] Plugin initialized
[2026-02-01 10:51:58] [INFO] Plugin initialized
[2026-02-01 10:53:57] [INFO] Plugin initialized
[2026-02-01 10:53:58] [INFO] Plugin initialized
[2026-02-01 10:55:58] [INFO] Plugin initialized
[2026-02-01 10:55:59] [INFO] Plugin initialized
[2026-02-01 10:56:17] [INFO] Plugin initialized
[2026-02-01 10:56:18] [INFO] Plugin initialized
[2026-02-01 10:56:22] [INFO] Plugin initialized
[2026-02-01 10:56:23] [INFO] Plugin initialized
[2026-02-01 10:56:39] [INFO] Plugin initialized
[2026-02-01 10:56:42] [INFO] Plugin initialized
[2026-02-01 10:56:49] [INFO] Plugin initialized
[2026-02-01 10:56:50] [INFO] Assets enqueued for booking form
[2026-02-01 10:56:50] [INFO] Plugin initialized
[2026-02-01 10:56:51] [INFO] Booking form rendered with theme: blue
[2026-02-01 10:56:57] [INFO] Plugin initialized
[2026-02-01 10:56:58] [INFO] Plugin initialized
[2026-02-01 10:57:13] [INFO] Plugin initialized
[2026-02-01 10:57:14] [INFO] Plugin initialized
[2026-02-01 10:57:14] [INFO] Plugin initialized
[2026-02-01 10:57:24] [INFO] Plugin initialized
[2026-02-01 10:57:25] [INFO] Plugin initialized
[2026-02-01 10:57:30] [INFO] Plugin initialized
[2026-02-01 10:57:31] [INFO] Plugin initialized
[2026-02-01 10:57:38] [INFO] Plugin initialized
[2026-02-01 10:57:39] [INFO] Plugin initialized
[2026-02-01 10:57:49] [INFO] Plugin initialized
[2026-02-01 10:57:54] [INFO] Plugin initialized
[2026-02-01 10:58:04] [INFO] Plugin initialized
[2026-02-01 10:58:06] [INFO] Plugin initialized
[2026-02-01 10:58:56] [INFO] Plugin initialized
[2026-02-01 10:58:57] [INFO] Plugin initialized
[2026-02-01 11:00:56] [INFO] Plugin initialized
[2026-02-01 11:00:57] [INFO] Plugin initialized
[2026-02-01 11:01:32] [INFO] Plugin initialized
[2026-02-01 11:01:33] [INFO] Plugin initialized
[2026-02-01 11:01:37] [INFO] Plugin initialized
[2026-02-01 11:01:39] [INFO] Plugin initialized
[2026-02-01 11:01:52] [INFO] Plugin initialized
[2026-02-01 11:01:53] [INFO] Plugin initialized
[2026-02-01 11:01:56] [INFO] Plugin initialized
[2026-02-01 11:01:57] [INFO] Plugin initialized
[2026-02-01 11:01:59] [INFO] Plugin initialized
[2026-02-01 11:02:00] [INFO] Assets enqueued for booking form
[2026-02-01 11:02:01] [INFO] Plugin initialized
[2026-02-01 11:02:01] [INFO] Booking form rendered with theme: blue
[2026-02-01 11:02:28] [INFO] Plugin initialized
[2026-02-01 11:02:29] [INFO] Plugin initialized
[2026-02-01 11:02:29] [INFO] Plugin initialized
[2026-02-01 11:02:36] [INFO] Plugin initialized
[2026-02-01 11:02:37] [INFO] Plugin initialized
[2026-02-01 11:02:39] [INFO] Plugin initialized
[2026-02-01 11:02:40] [INFO] Plugin initialized
[2026-02-01 11:02:41] [INFO] Plugin initialized
[2026-02-01 11:02:42] [INFO] Plugin initialized
[2026-02-01 11:02:56] [INFO] Plugin initialized
[2026-02-01 11:02:56] [INFO] Plugin initialized
[2026-02-01 11:03:03] [INFO] Plugin initialized
[2026-02-01 11:03:03] [INFO] Plugin initialized
[2026-02-01 11:03:11] [INFO] Plugin initialized
[2026-02-01 11:03:12] [INFO] Plugin initialized
[2026-02-01 11:04:15] [INFO] Plugin initialized
[2026-02-01 11:04:16] [INFO] Plugin initialized
[2026-02-01 11:04:28] [INFO] Plugin initialized
[2026-02-01 11:04:29] [INFO] Plugin initialized
[2026-02-01 11:04:56] [INFO] Plugin initialized
[2026-02-01 11:04:56] [INFO] Plugin initialized
[2026-02-01 11:06:56] [INFO] Plugin initialized
[2026-02-01 11:06:57] [INFO] Plugin initialized
[2026-02-01 11:08:56] [INFO] Plugin initialized
[2026-02-01 11:08:57] [INFO] Plugin initialized
[2026-02-01 11:10:58] [INFO] Plugin initialized
[2026-02-01 11:10:59] [INFO] Plugin initialized
[2026-02-01 11:42:35] [INFO] Plugin initialized
[2026-02-01 11:42:36] [INFO] Plugin initialized
[2026-02-01 11:42:44] [INFO] Plugin initialized
[2026-02-01 11:42:45] [INFO] Plugin initialized
[2026-02-01 11:42:47] [INFO] Plugin initialized
[2026-02-01 11:42:48] [INFO] Plugin initialized
[2026-02-01 11:42:52] [INFO] Plugin initialized
[2026-02-01 11:42:53] [INFO] Plugin initialized
[2026-02-01 11:43:36] [INFO] Plugin initialized
[2026-02-01 11:43:38] [INFO] Plugin initialized
[2026-02-01 11:44:30] [INFO] Plugin initialized
[2026-02-01 11:44:30] [INFO] Plugin initialized
[2026-02-01 11:44:33] [INFO] Plugin initialized
[2026-02-01 11:44:34] [INFO] Plugin initialized
[2026-02-01 11:44:37] [INFO] Plugin initialized
[2026-02-01 11:44:38] [INFO] Assets enqueued for booking form
[2026-02-01 11:44:38] [INFO] Plugin initialized
[2026-02-01 11:44:38] [INFO] Booking form rendered with theme: blue
[2026-02-01 11:44:58] [INFO] Plugin initialized
[2026-02-01 11:44:59] [INFO] Plugin initialized
[2026-02-01 11:45:34] [INFO] Plugin initialized
[2026-02-01 11:45:35] [INFO] Plugin initialized
[2026-02-01 11:46:36] [INFO] Plugin initialized
[2026-02-01 11:46:39] [INFO] Plugin initialized
[2026-02-01 11:50:36] [INFO] Plugin initialized
[2026-02-01 11:50:37] [INFO] Plugin initialized
[2026-02-01 11:52:36] [INFO] Plugin initialized
[2026-02-01 11:52:37] [INFO] Plugin initialized
[2026-02-01 11:54:05] [INFO] Plugin initialized
[2026-02-01 11:54:05] [INFO] Plugin initialized
[2026-02-01 11:54:24] [INFO] Plugin initialized
[2026-02-01 11:54:25] [INFO] Plugin initialized
[2026-02-01 11:54:25] [INFO] Plugin initialized
[2026-02-01 11:54:34] [INFO] Plugin initialized
[2026-02-01 11:54:35] [INFO] Plugin initialized
[2026-02-01 11:54:54] [INFO] Plugin initialized
[2026-02-01 11:54:54] [INFO] Plugin initialized
[2026-02-01 11:55:36] [INFO] Plugin initialized
[2026-02-01 11:55:37] [INFO] Assets enqueued for booking form
[2026-02-01 11:55:37] [INFO] Plugin initialized
[2026-02-01 11:55:38] [INFO] Booking form rendered with theme: blue
[2026-02-01 11:55:59] [INFO] Plugin initialized
[2026-02-01 11:56:00] [INFO] Plugin initialized
[2026-02-01 11:56:01] [INFO] Plugin initialized
[2026-02-01 11:56:34] [INFO] Plugin initialized
[2026-02-01 11:56:34] [INFO] Plugin initialized
[2026-02-01 11:58:03] [INFO] Plugin initialized
[2026-02-01 11:58:04] [INFO] Plugin initialized
[2026-02-01 11:58:06] [INFO] Plugin initialized
[2026-02-01 11:58:07] [INFO] Plugin initialized
[2026-02-01 11:58:12] [INFO] Plugin initialized
[2026-02-01 11:58:13] [INFO] Plugin initialized
[2026-02-01 11:58:22] [INFO] Plugin initialized
[2026-02-01 11:58:23] [INFO] Plugin initialized
[2026-02-01 11:59:03] [INFO] Plugin initialized
[2026-02-01 11:59:04] [INFO] Plugin initialized
[2026-02-01 12:01:04] [INFO] Plugin initialized
[2026-02-01 12:01:05] [INFO] Plugin initialized
[2026-02-01 12:01:34] [INFO] Plugin initialized
[2026-02-01 12:01:35] [INFO] Plugin initialized
[2026-02-01 12:01:37] [INFO] Plugin initialized
[2026-02-01 12:01:38] [INFO] Plugin initialized
[2026-02-01 12:01:45] [INFO] Plugin initialized
[2026-02-01 12:01:46] [INFO] Plugin initialized
[2026-02-01 12:02:02] [INFO] Plugin initialized
[2026-02-01 12:02:03] [INFO] Assets enqueued for booking form
[2026-02-01 12:02:05] [INFO] Plugin initialized
[2026-02-01 12:02:06] [INFO] Booking form rendered with theme: blue
[2026-02-01 12:02:06] [INFO] Plugin initialized
[2026-02-01 12:02:24] [INFO] Plugin initialized
[2026-02-01 12:02:24] [INFO] Plugin initialized
[2026-02-01 12:03:03] [INFO] Plugin initialized
[2026-02-01 12:03:04] [INFO] Assets enqueued for booking form
[2026-02-01 12:03:04] [INFO] Plugin initialized
[2026-02-01 12:03:05] [INFO] Booking form rendered with theme: blue
[2026-02-01 12:03:09] [INFO] Plugin initialized
[2026-02-01 12:03:10] [INFO] Plugin initialized
[2026-02-01 12:04:04] [INFO] Plugin initialized
[2026-02-01 12:04:05] [INFO] Plugin initialized
[2026-02-01 12:04:50] [INFO] Plugin initialized
[2026-02-01 12:04:52] [INFO] Plugin initialized
[2026-02-01 12:04:52] [INFO] Plugin initialized
[2026-02-01 12:05:08] [INFO] Plugin initialized
[2026-02-01 12:05:11] [INFO] Plugin initialized
[2026-02-01 12:05:27] [INFO] Plugin initialized
[2026-02-01 12:05:29] [INFO] Plugin initialized
[2026-02-01 12:05:30] [INFO] Plugin initialized
[2026-02-01 12:05:31] [INFO] Plugin initialized
[2026-02-01 12:05:55] [INFO] Plugin initialized
[2026-02-01 12:05:56] [INFO] Plugin initialized
[2026-02-01 12:06:04] [INFO] Plugin initialized
[2026-02-01 12:06:04] [INFO] Plugin initialized
[2026-02-01 12:07:54] [INFO] Plugin initialized
[2026-02-01 12:07:55] [INFO] Plugin initialized
[2026-02-01 12:09:51] [INFO] Plugin initialized
[2026-02-01 12:09:52] [INFO] Plugin initialized
[2026-02-01 12:10:51] [INFO] Plugin initialized
[2026-02-01 12:10:52] [INFO] Plugin initialized
[2026-02-01 12:11:34] [INFO] Plugin initialized
[2026-02-01 12:11:35] [INFO] Plugin initialized
[2026-02-01 12:11:37] [INFO] Plugin initialized
[2026-02-01 12:11:38] [INFO] Plugin initialized
[2026-02-01 12:11:44] [INFO] Plugin initialized
[2026-02-01 12:11:46] [INFO] Plugin initialized
[2026-02-01 12:11:51] [INFO] Plugin initialized
[2026-02-01 12:11:51] [INFO] Plugin initialized
[2026-02-01 12:11:53] [INFO] Plugin initialized
[2026-02-01 12:11:54] [INFO] Assets enqueued for booking form
[2026-02-01 12:11:54] [INFO] Plugin initialized
[2026-02-01 12:11:55] [INFO] Booking form rendered with theme: blue
[2026-02-01 12:11:59] [INFO] Plugin initialized
[2026-02-01 12:12:00] [INFO] Plugin initialized
[2026-02-01 12:12:51] [INFO] Plugin initialized
[2026-02-01 12:12:52] [INFO] Plugin initialized
[2026-02-01 12:13:51] [INFO] Plugin initialized
[2026-02-01 12:13:52] [INFO] Plugin initialized
[2026-02-01 12:14:51] [INFO] Plugin initialized
[2026-02-01 12:14:52] [INFO] Plugin initialized
[2026-02-01 12:15:16] [INFO] Plugin initialized
[2026-02-01 12:15:19] [INFO] Plugin initialized
[2026-02-01 12:15:22] [INFO] Plugin initialized
[2026-02-01 12:15:25] [INFO] Plugin initialized
[2026-02-01 12:15:32] [INFO] Plugin initialized
[2026-02-01 12:15:33] [INFO] Plugin initialized
[2026-02-01 12:15:36] [INFO] Plugin initialized
[2026-02-01 12:15:36] [INFO] Assets enqueued for booking form
[2026-02-01 12:15:37] [INFO] Plugin initialized
[2026-02-01 12:15:37] [INFO] Booking form rendered with theme: blue
[2026-02-01 12:15:53] [INFO] Plugin initialized
[2026-02-01 12:15:54] [INFO] Plugin initialized
[2026-02-01 12:15:57] [INFO] Plugin initialized
[2026-02-01 12:15:58] [INFO] Plugin initialized
[2026-02-01 12:16:20] [INFO] Plugin initialized
[2026-02-01 12:16:21] [INFO] [TB Session] Saved service: {\"id\":\"84\",\"name\":\"Individual Therapy\"}
[2026-02-01 12:16:21] [INFO] Plugin initialized
[2026-02-01 12:16:22] [INFO] Plugin initialized
[2026-02-01 12:16:26] [INFO] Plugin initialized
[2026-02-01 12:16:27] [INFO] [TB Session] Saved therapist: {\"id\":18,\"name\":\"Taner Mete\",\"image\":\"https://hypnova.ch/stargazer/wp-content/uploads/2024/02/2023_05_26_Ayla_Newborn_web-146.jpg\",\"rating\":\"4.5\",\"services\":\"Allergien, Blockaden, Depression, Emetophobie, Essstörungen, Flugangst, Gewichtsreduktion, Höhenangst, Migräne, Nägelkauen, Panikstörung, Platzangst, Prüfungsangst, Schlafstörung, Schmerzen, soziale Angst, Stottern, Tinnitus, Trauma, Zwangsstörung, Ängste und Phobien, Erythrophobie, Raumangst, generalisierter Angststörung, Allergien, Blockaden, Burnout, Depression, Emetophobie, Erythrophobie, Essstörungen, Flugangst, generalisierter Angststörung, Gewichtsreduktion, Höhenangst, Migräne, Nägelkauen, Panikstörung, Platzangst, Prüfungsangst, Raucherentwöhnung, Raumangst, Schlafstörung, Schmerzen, soziale Angst, Stottern, Tinnitus, Trauma, Zwangsstörung, Ängste und Phobien, Telefonische Erstberatung, Sonstiges, Sontiges, Burnout, Erstsitzung, Folgesitzung\"}
[2026-02-01 12:16:27] [INFO] Plugin initialized
[2026-02-01 12:16:35] [INFO] Plugin initialized
[2026-02-01 12:16:35] [INFO] [TB Session] Saved datetime: {\"id\":null,\"date\":\"2026-02-05\",\"time\":\"Not Selected\",\"timestamp\":1770249600000}
[2026-02-01 12:16:35] [INFO] Plugin initialized
[2026-02-01 12:16:36] [INFO] Plugin initialized
[2026-02-01 12:16:36] [INFO] [TB Session] Saved datetime: {\"id\":null,\"date\":\"2026-02-05\",\"time\":\"11:00 AM\",\"timestamp\":1770271200000,\"fullDateTime\":\"2026-02-05 11:00 AM\"}
[2026-02-01 12:16:52] [INFO] Plugin initialized
[2026-02-01 12:16:53] [INFO] Assets enqueued for booking form
[2026-02-01 12:16:53] [INFO] Plugin initialized
[2026-02-01 12:16:53] [INFO] Booking form rendered with theme: blue
[2026-02-01 12:16:57] [INFO] Plugin initialized
[2026-02-01 12:16:58] [INFO] Plugin initialized
[2026-02-01 12:17:51] [INFO] Plugin initialized
[2026-02-01 12:17:52] [INFO] Plugin initialized
[2026-02-01 12:19:51] [INFO] Plugin initialized
[2026-02-01 12:19:53] [INFO] Plugin initialized
[2026-02-01 15:39:33] [INFO] Plugin initialized
[2026-02-01 15:39:33] [INFO] Plugin initialized
[2026-02-01 15:39:34] [INFO] Plugin initialized
[2026-02-01 15:39:39] [INFO] Plugin initialized
[2026-02-01 15:39:44] [INFO] Plugin initialized
[2026-02-01 15:39:46] [INFO] Plugin initialized
[2026-02-01 15:39:55] [INFO] Plugin initialized
[2026-02-01 15:39:56] [INFO] Assets enqueued for booking form
[2026-02-01 15:39:57] [INFO] Plugin initialized
[2026-02-01 15:39:57] [INFO] Booking form rendered with theme: blue
[2026-02-01 15:40:17] [INFO] Plugin initialized
[2026-02-01 15:40:17] [INFO] Plugin initialized
[2026-02-01 15:40:28] [INFO] Plugin initialized
[2026-02-01 15:40:30] [INFO] Plugin initialized
[2026-02-01 15:40:39] [INFO] Plugin initialized
[2026-02-01 15:40:40] [INFO] Plugin initialized
[2026-02-01 15:40:40] [INFO] [TB Session] Saved service: {\"id\":\"84\",\"name\":\"Individual Therapy\"}
[2026-02-01 15:40:40] [INFO] Plugin initialized
[2026-02-01 15:40:48] [INFO] Plugin initialized
[2026-02-01 15:40:49] [INFO] [TB Session] Saved therapist: {\"id\":18,\"name\":\"Taner Mete\",\"image\":\"https://hypnova.ch/stargazer/wp-content/uploads/2024/02/2023_05_26_Ayla_Newborn_web-146.jpg\",\"rating\":\"4.5\",\"services\":\"Allergien, Blockaden, Depression, Emetophobie, Essstörungen, Flugangst, Gewichtsreduktion, Höhenangst, Migräne, Nägelkauen, Panikstörung, Platzangst, Prüfungsangst, Schlafstörung, Schmerzen, soziale Angst, Stottern, Tinnitus, Trauma, Zwangsstörung, Ängste und Phobien, Erythrophobie, Raumangst, generalisierter Angststörung, Allergien, Blockaden, Burnout, Depression, Emetophobie, Erythrophobie, Essstörungen, Flugangst, generalisierter Angststörung, Gewichtsreduktion, Höhenangst, Migräne, Nägelkauen, Panikstörung, Platzangst, Prüfungsangst, Raucherentwöhnung, Raumangst, Schlafstörung, Schmerzen, soziale Angst, Stottern, Tinnitus, Trauma, Zwangsstörung, Ängste und Phobien, Telefonische Erstberatung, Sonstiges, Sontiges, Burnout, Erstsitzung, Folgesitzung\"}
[2026-02-01 15:40:49] [INFO] Plugin initialized
[2026-02-01 15:40:56] [INFO] Plugin initialized
[2026-02-01 15:40:57] [INFO] [TB Session] Saved datetime: {\"id\":null,\"date\":\"2026-02-05\",\"time\":\"Not Selected\",\"timestamp\":1770249600000}
[2026-02-01 15:40:57] [INFO] Plugin initialized
[2026-02-01 15:41:03] [INFO] Plugin initialized
[2026-02-01 15:41:03] [INFO] [TB Session] Saved datetime: {\"id\":null,\"date\":\"2026-02-05\",\"time\":\"09:00 AM\",\"timestamp\":1770264000000,\"fullDateTime\":\"2026-02-05 09:00 AM\"}
[2026-02-01 15:41:03] [INFO] Plugin initialized
[2026-02-01 15:41:08] [INFO] Plugin initialized
[2026-02-01 15:41:08] [INFO] Assets enqueued for booking form
[2026-02-01 15:41:09] [INFO] Plugin initialized
[2026-02-01 15:41:09] [INFO] Booking form rendered with theme: blue
[2026-02-01 15:41:16] [INFO] Plugin initialized
[2026-02-01 15:41:16] [INFO] Fetching availability for therapist ID: 18
[2026-02-01 15:41:16] [INFO] Found 182 disabled dates
[2026-02-01 15:41:16] [INFO] Found 18 fully booked dates
[2026-02-01 15:41:16] [INFO] Generated time slots for 0 dates
[2026-02-01 15:41:16] [INFO] Plugin initialized
[2026-02-01 15:42:29] [INFO] Plugin initialized
[2026-02-01 15:42:29] [INFO] Plugin initialized
[2026-02-01 15:43:28] [INFO] Plugin initialized
[2026-02-01 15:43:29] [INFO] Plugin initialized
[2026-02-01 15:43:29] [INFO] [TB Session] Saved service: {\"id\":\"84\",\"name\":\"Individual Therapy\"}
[2026-02-01 15:43:29] [INFO] Plugin initialized
[2026-02-01 15:43:49] [INFO] Plugin initialized
[2026-02-01 15:43:49] [INFO] [TB Session] Saved therapist: {\"id\":256,\"name\":\"Selina Marfurt\",\"image\":\"https://hypnova.ch/stargazer/wp-content/uploads/2021/11/Selina-tisch.jpg\",\"rating\":\"4.9\",\"services\":\"Allergien, Ängste und Phobien, Blockaden, Burnout, Depression, Emetophobie, Erythrophobie, Essstörungen, Flugangst, generalisierter Angststörung, Gewichtsreduktion, Höhenangst, Migräne, Nägelkauen, Panikstörung, Platzangst, Prüfungsangst, Raumangst, Schlafstörung, Schmerzen, soziale Angst, Stottern, Tinnitus, Trauma, Zwangsstörung, Sonstiges, Folgesitzung, Erstsitzung\"}
[2026-02-01 15:43:49] [INFO] Plugin initialized
[2026-02-01 15:44:29] [INFO] Plugin initialized
[2026-02-01 15:44:29] [INFO] Plugin initialized
[2026-02-01 15:45:26] [INFO] Plugin initialized
[2026-02-01 15:45:26] [INFO] [TB Session] Saved therapist: {\"id\":256,\"name\":\"Selina Marfurt\",\"image\":\"https://hypnova.ch/stargazer/wp-content/uploads/2021/11/Selina-tisch.jpg\",\"rating\":\"4.9\",\"services\":\"Allergien, Ängste und Phobien, Blockaden, Burnout, Depression, Emetophobie, Erythrophobie, Essstörungen, Flugangst, generalisierter Angststörung, Gewichtsreduktion, Höhenangst, Migräne, Nägelkauen, Panikstörung, Platzangst, Prüfungsangst, Raumangst, Schlafstörung, Schmerzen, soziale Angst, Stottern, Tinnitus, Trauma, Zwangsstörung, Sonstiges, Folgesitzung, Erstsitzung\"}
[2026-02-01 15:45:27] [INFO] Plugin initialized
[2026-02-01 15:46:10] [INFO] Plugin initialized
[2026-02-01 15:46:11] [INFO] Plugin initialized
[2026-02-01 15:46:29] [INFO] Plugin initialized
[2026-02-01 15:46:30] [INFO] Plugin initialized
[2026-02-01 15:47:40] [INFO] Plugin initialized
[2026-02-01 15:47:41] [INFO] Plugin initialized
[2026-02-01 15:47:42] [INFO] Plugin initialized
[2026-02-01 15:47:44] [INFO] Plugin initialized
[2026-02-01 15:47:44] [INFO] Plugin initialized
[2026-02-01 15:47:44] [INFO] Plugin initialized
[2026-02-01 15:47:45] [INFO] Plugin initialized
[2026-02-01 15:47:52] [INFO] Plugin initialized
[2026-02-01 15:47:53] [INFO] Plugin initialized
[2026-02-01 15:47:57] [INFO] Plugin initialized
[2026-02-01 15:47:58] [INFO] Plugin initialized
[2026-02-01 15:47:59] [INFO] Plugin initialized
[2026-02-01 15:48:00] [INFO] Plugin initialized
[2026-02-01 15:48:02] [INFO] Plugin initialized
[2026-02-01 15:48:03] [INFO] Plugin initialized
[2026-02-01 15:48:06] [INFO] Plugin initialized
[2026-02-01 15:48:07] [INFO] Plugin initialized
[2026-02-01 15:48:25] [INFO] Plugin initialized
[2026-02-01 15:48:26] [INFO] Plugin initialized
[2026-02-01 15:48:27] [INFO] Plugin initialized
[2026-02-01 15:48:28] [INFO] Plugin initialized
[2026-02-01 15:48:29] [INFO] Plugin initialized
[2026-02-01 15:48:30] [INFO] Plugin initialized
[2026-02-01 15:49:28] [INFO] Plugin initialized
[2026-02-01 15:49:28] [INFO] [TB Session] Saved service: {\"id\":\"84\",\"name\":\"Individual Therapy\"}
[2026-02-01 15:49:28] [INFO] Plugin initialized
[2026-02-01 15:49:29] [INFO] Plugin initialized
[2026-02-01 15:49:40] [INFO] Plugin initialized
[2026-02-01 15:49:41] [INFO] Plugin initialized
[2026-02-01 15:49:41] [INFO] [TB Session] Saved service: {\"id\":\"85\",\"name\":\"Couples Therapy\"}
[2026-02-01 15:49:42] [INFO] Plugin initialized
[2026-02-01 15:49:44] [INFO] Plugin initialized
[2026-02-01 15:49:45] [INFO] [TB Session] Saved service: {\"id\":\"84\",\"name\":\"Individual Therapy\"}
[2026-02-01 15:49:45] [INFO] Plugin initialized
[2026-02-01 15:49:46] [INFO] Plugin initialized
[2026-02-01 15:50:10] [INFO] Plugin initialized
[2026-02-01 15:50:11] [INFO] [TB Session] Saved therapist: {\"id\":18,\"name\":\"Taner Mete\",\"image\":\"https://hypnova.ch/stargazer/wp-content/uploads/2024/02/2023_05_26_Ayla_Newborn_web-146.jpg\",\"rating\":\"4.5\",\"services\":\"Allergien, Blockaden, Depression, Emetophobie, Essstörungen, Flugangst, Gewichtsreduktion, Höhenangst, Migräne, Nägelkauen, Panikstörung, Platzangst, Prüfungsangst, Schlafstörung, Schmerzen, soziale Angst, Stottern, Tinnitus, Trauma, Zwangsstörung, Ängste und Phobien, Erythrophobie, Raumangst, generalisierter Angststörung, Allergien, Blockaden, Burnout, Depression, Emetophobie, Erythrophobie, Essstörungen, Flugangst, generalisierter Angststörung, Gewichtsreduktion, Höhenangst, Migräne, Nägelkauen, Panikstörung, Platzangst, Prüfungsangst, Raucherentwöhnung, Raumangst, Schlafstörung, Schmerzen, soziale Angst, Stottern, Tinnitus, Trauma, Zwangsstörung, Ängste und Phobien, Telefonische Erstberatung, Sonstiges, Sontiges, Burnout, Erstsitzung, Folgesitzung\"}
[2026-02-01 15:50:11] [INFO] Plugin initialized
[2026-02-01 15:52:24] [INFO] Plugin initialized
[2026-02-01 15:52:25] [INFO] Plugin initialized
[2026-02-01 15:53:25] [INFO] Plugin initialized
[2026-02-01 15:53:26] [INFO] Plugin initialized
[2026-02-01 15:53:26] [INFO] Plugin initialized
[2026-02-01 15:53:35] [INFO] Plugin initialized
[2026-02-01 15:53:35] [INFO] Plugin initialized
[2026-02-01 15:53:53] [INFO] Plugin initialized
[2026-02-01 15:53:54] [INFO] Plugin initialized
[2026-02-01 15:55:30] [INFO] Plugin initialized
[2026-02-01 15:55:31] [INFO] Plugin initialized
[2026-02-01 15:55:51] [INFO] Plugin initialized
[2026-02-01 15:55:52] [INFO] Plugin initialized
[2026-02-01 15:56:07] [INFO] Plugin initialized
[2026-02-01 15:56:08] [INFO] Plugin initialized
[2026-02-01 15:56:55] [INFO] Plugin initialized
[2026-02-01 15:56:55] [INFO] [TB Session] Saved therapist: {\"id\":256,\"name\":\"Selina Marfurt\",\"image\":\"https://hypnova.ch/stargazer/wp-content/uploads/2021/11/Selina-tisch.jpg\",\"rating\":\"4.9\",\"services\":\"Allergien, Ängste und Phobien, Blockaden, Burnout, Depression, Emetophobie, Erythrophobie, Essstörungen, Flugangst, generalisierter Angststörung, Gewichtsreduktion, Höhenangst, Migräne, Nägelkauen, Panikstörung, Platzangst, Prüfungsangst, Raumangst, Schlafstörung, Schmerzen, soziale Angst, Stottern, Tinnitus, Trauma, Zwangsstörung, Sonstiges, Folgesitzung, Erstsitzung\"}
[2026-02-01 15:56:55] [INFO] Plugin initialized
[2026-02-01 15:57:30] [INFO] Plugin initialized
[2026-02-01 15:57:30] [INFO] Plugin initialized
[2026-02-01 15:58:11] [INFO] Plugin initialized
[2026-02-01 15:58:11] [INFO] Assets enqueued for booking form
[2026-02-01 15:58:12] [INFO] Plugin initialized
[2026-02-01 15:58:12] [INFO] Booking form rendered with theme: blue
[2026-02-01 15:58:43] [INFO] Plugin initialized
[2026-02-01 15:58:43] [INFO] Fetching availability for therapist ID: 256
[2026-02-01 15:58:43] [INFO] Found 182 disabled dates
[2026-02-01 15:58:43] [INFO] Found 1 fully booked dates
[2026-02-01 15:58:43] [INFO] Generated time slots for 0 dates
[2026-02-01 15:58:43] [INFO] Plugin initialized
[2026-02-01 15:59:32] [INFO] Plugin initialized
[2026-02-01 15:59:33] [INFO] Plugin initialized
[2026-02-01 16:01:30] [INFO] Plugin initialized
[2026-02-01 16:01:31] [INFO] Plugin initialized
[2026-02-01 16:03:31] [INFO] Plugin initialized
[2026-02-01 16:03:32] [INFO] Plugin initialized
[2026-02-01 16:04:22] [INFO] Plugin initialized
[2026-02-01 16:04:23] [INFO] Plugin initialized
[2026-02-01 16:04:52] [INFO] Plugin initialized
[2026-02-01 16:04:53] [INFO] Plugin initialized
[2026-02-01 16:04:58] [INFO] Plugin initialized
[2026-02-01 16:04:59] [INFO] Plugin initialized
[2026-02-01 16:05:01] [INFO] Plugin initialized
[2026-02-01 16:05:10] [INFO] Plugin initialized
[2026-02-01 16:05:19] [INFO] Plugin initialized
[2026-02-01 16:05:20] [INFO] Plugin initialized
[2026-02-01 16:05:52] [INFO] Plugin initialized
[2026-02-01 16:05:53] [INFO] Plugin initialized
[2026-02-01 16:07:42] [INFO] Plugin initialized
[2026-02-01 16:07:43] [INFO] Plugin initialized
[2026-02-01 16:07:45] [INFO] Plugin initialized
[2026-02-01 16:07:46] [INFO] Plugin initialized
[2026-02-01 16:07:50] [INFO] Plugin initialized
[2026-02-01 16:07:50] [INFO] Plugin initialized
[2026-02-01 16:07:51] [INFO] Plugin initialized
[2026-02-01 16:07:52] [INFO] Plugin initialized
[2026-02-01 16:08:25] [INFO] Plugin initialized
[2026-02-01 16:08:26] [INFO] Plugin initialized
[2026-02-01 16:08:27] [INFO] Plugin initialized
[2026-02-01 16:08:38] [INFO] Plugin initialized
[2026-02-01 16:08:39] [INFO] Plugin initialized
[2026-02-01 16:08:39] [INFO] Plugin initialized
[2026-02-01 16:08:40] [INFO] Plugin initialized
[2026-02-01 16:08:42] [INFO] Plugin initialized
[2026-02-01 16:08:43] [INFO] Plugin initialized
[2026-02-01 16:09:42] [INFO] Plugin initialized
[2026-02-01 16:09:43] [INFO] Plugin initialized
[2026-02-01 16:10:54] [INFO] Plugin initialized
[2026-02-01 16:10:55] [INFO] Plugin initialized
[2026-02-01 16:11:03] [INFO] Plugin initialized
[2026-02-01 16:11:04] [INFO] Plugin initialized
[2026-02-01 16:11:46] [INFO] Plugin initialized
[2026-02-01 16:11:46] [INFO] Plugin initialized
[2026-02-01 16:12:44] [INFO] Plugin initialized
[2026-02-01 16:12:45] [INFO] Plugin initialized
[2026-02-01 16:12:57] [INFO] Plugin initialized
[2026-02-01 16:12:58] [INFO] Plugin initialized
[2026-02-01 16:13:44] [INFO] Plugin initialized
[2026-02-01 16:13:45] [INFO] Plugin initialized
[2026-02-01 16:14:50] [INFO] Plugin initialized
[2026-02-01 16:14:51] [INFO] Plugin initialized
[2026-02-01 16:14:51] [INFO] Plugin initialized
[2026-02-01 16:14:51] [INFO] Assets enqueued for booking form
[2026-02-01 16:14:52] [INFO] Booking form rendered with theme: blue
[2026-02-01 16:14:52] [INFO] Plugin initialized
[2026-02-01 16:14:52] [INFO] Assets enqueued for booking form
[2026-02-01 16:14:53] [INFO] Plugin initialized
[2026-02-01 16:14:53] [INFO] Booking form rendered with theme: blue
[2026-02-01 16:14:58] [INFO] Plugin initialized
[2026-02-01 16:14:59] [INFO] Plugin initialized
[2026-02-01 16:14:59] [INFO] Plugin initialized
[2026-02-01 16:16:09] [INFO] Plugin initialized
[2026-02-01 16:16:10] [INFO] Plugin initialized
[2026-02-01 16:16:12] [INFO] Plugin initialized
[2026-02-01 16:16:13] [INFO] Plugin initialized
[2026-02-01 16:17:42] [INFO] Plugin initialized
[2026-02-01 16:17:43] [INFO] Plugin initialized
[2026-02-01 16:17:47] [INFO] Plugin initialized
[2026-02-01 16:17:48] [INFO] Plugin initialized
[2026-02-01 16:18:01] [INFO] Plugin initialized
[2026-02-01 16:18:02] [INFO] Plugin initialized
[2026-02-01 16:18:02] [INFO] [TB Session] Saved service: {\"id\":\"85\",\"name\":\"Couples Therapy\"}
[2026-02-01 16:18:03] [INFO] Plugin initialized
[2026-02-01 16:18:28] [INFO] Plugin initialized
[2026-02-01 16:18:28] [INFO] Plugin initialized
[2026-02-01 16:19:03] [INFO] Plugin initialized
[2026-02-01 16:19:04] [INFO] Plugin initialized
[2026-02-01 16:20:11] [INFO] Plugin initialized
[2026-02-01 16:20:12] [INFO] Plugin initialized
[2026-02-01 16:20:12] [INFO] [TB Session] Saved service: {\"id\":\"84\",\"name\":\"Individual Therapy\"}
[2026-02-01 16:20:12] [INFO] Plugin initialized
[2026-02-01 16:23:50] [INFO] Plugin initialized
[2026-02-01 16:23:51] [INFO] Assets enqueued for booking form
[2026-02-01 16:23:53] [INFO] Plugin initialized
[2026-02-01 16:23:54] [INFO] Booking form rendered with theme: blue
[2026-02-01 16:26:43] [INFO] Plugin initialized
[2026-02-01 16:26:46] [INFO] Plugin initialized
[2026-02-01 16:26:51] [INFO] Plugin initialized
[2026-02-01 16:26:52] [INFO] Plugin initialized
[2026-02-01 16:26:53] [INFO] Plugin initialized
[2026-02-01 16:27:15] [INFO] Plugin initialized
[2026-02-01 16:27:17] [INFO] Plugin initialized
[2026-02-01 16:27:25] [INFO] Plugin initialized
[2026-02-01 16:27:26] [INFO] Plugin initialized
[2026-02-01 16:27:27] [INFO] Plugin initialized
[2026-02-01 16:27:27] [INFO] Plugin initialized
[2026-02-01 16:27:29] [INFO] Plugin initialized
[2026-02-01 16:27:29] [INFO] Plugin initialized
[2026-02-01 16:27:31] [INFO] Plugin initialized
[2026-02-01 16:27:32] [INFO] Plugin initialized
[2026-02-01 16:27:37] [INFO] Plugin initialized
[2026-02-01 16:27:39] [INFO] Plugin initialized
[2026-02-01 16:27:40] [INFO] Plugin initialized
[2026-02-01 16:28:27] [INFO] Plugin initialized
[2026-02-01 16:28:28] [INFO] Plugin initialized
[2026-02-01 16:29:14] [INFO] Plugin initialized
[2026-02-01 16:29:15] [INFO] Plugin initialized
[2026-02-01 16:29:29] [INFO] Plugin initialized
[2026-02-01 16:29:29] [INFO] Plugin initialized
[2026-02-01 16:29:30] [INFO] Plugin initialized
[2026-02-01 16:29:32] [INFO] Plugin initialized
[2026-02-01 16:29:32] [INFO] [TB Session] Saved therapist: {\"id\":18,\"name\":\"Taner Mete\",\"image\":\"https://hypnova.ch/stargazer/wp-content/uploads/2024/02/2023_05_26_Ayla_Newborn_web-146.jpg\",\"rating\":\"4.5\",\"services\":\"Allergien, Blockaden, Depression, Emetophobie, Essstörungen, Flugangst, Gewichtsreduktion, Höhenangst, Migräne, Nägelkauen, Panikstörung, Platzangst, Prüfungsangst, Schlafstörung, Schmerzen, soziale Angst, Stottern, Tinnitus, Trauma, Zwangsstörung, Ängste und Phobien, Erythrophobie, Raumangst, generalisierter Angststörung, Allergien, Blockaden, Burnout, Depression, Emetophobie, Erythrophobie, Essstörungen, Flugangst, generalisierter Angststörung, Gewichtsreduktion, Höhenangst, Migräne, Nägelkauen, Panikstörung, Platzangst, Prüfungsangst, Raucherentwöhnung, Raumangst, Schlafstörung, Schmerzen, soziale Angst, Stottern, Tinnitus, Trauma, Zwangsstörung, Ängste und Phobien, Telefonische Erstberatung, Sonstiges, Sontiges, Burnout, Erstsitzung, Folgesitzung\"}
[2026-02-01 16:29:32] [INFO] Plugin initialized
[2026-02-01 16:29:37] [INFO] Plugin initialized
[2026-02-01 16:29:38] [INFO] Plugin initialized
[2026-02-01 16:30:15] [INFO] Plugin initialized
[2026-02-01 16:30:16] [INFO] [TB Session] Saved therapist: {\"id\":18,\"name\":\"Taner Mete\",\"image\":\"https://hypnova.ch/stargazer/wp-content/uploads/2024/02/2023_05_26_Ayla_Newborn_web-146.jpg\",\"rating\":\"4.5\",\"services\":\"Allergien, Blockaden, Depression, Emetophobie, Essstörungen, Flugangst, Gewichtsreduktion, Höhenangst, Migräne, Nägelkauen, Panikstörung, Platzangst, Prüfungsangst, Schlafstörung, Schmerzen, soziale Angst, Stottern, Tinnitus, Trauma, Zwangsstörung, Ängste und Phobien, Erythrophobie, Raumangst, generalisierter Angststörung, Allergien, Blockaden, Burnout, Depression, Emetophobie, Erythrophobie, Essstörungen, Flugangst, generalisierter Angststörung, Gewichtsreduktion, Höhenangst, Migräne, Nägelkauen, Panikstörung, Platzangst, Prüfungsangst, Raucherentwöhnung, Raumangst, Schlafstörung, Schmerzen, soziale Angst, Stottern, Tinnitus, Trauma, Zwangsstörung, Ängste und Phobien, Telefonische Erstberatung, Sonstiges, Sontiges, Burnout, Erstsitzung, Folgesitzung\"}
[2026-02-01 16:30:16] [INFO] Plugin initialized
[2026-02-01 16:31:32] [INFO] Plugin initialized
[2026-02-01 16:31:33] [INFO] Plugin initialized
[2026-02-01 16:32:18] [INFO] Plugin initialized
[2026-02-01 16:32:19] [INFO] Plugin initialized
[2026-02-01 16:32:20] [INFO] [TB Session] Saved service: {\"id\":\"85\",\"name\":\"Couples Therapy\"}
[2026-02-01 16:32:20] [INFO] Plugin initialized
[2026-02-01 16:33:32] [INFO] Plugin initialized
[2026-02-01 16:33:33] [INFO] Plugin initialized
[2026-02-01 16:34:10] [INFO] Plugin initialized
[2026-02-01 16:34:10] [INFO] Fetching availability for therapist ID: 18
[2026-02-01 16:34:11] [INFO] Found 182 disabled dates
[2026-02-01 16:34:11] [INFO] Found 18 fully booked dates
[2026-02-01 16:34:11] [INFO] Generated time slots for 0 dates
[2026-02-01 16:34:11] [INFO] Plugin initialized
[2026-02-01 16:35:32] [INFO] Plugin initialized
[2026-02-01 16:35:33] [INFO] Plugin initialized
[2026-02-01 16:37:33] [INFO] Plugin initialized
[2026-02-01 16:37:34] [INFO] Plugin initialized
[2026-02-01 19:38:49] [INFO] Plugin initialized
[2026-02-01 19:38:52] [INFO] Plugin initialized
[2026-02-02 02:26:20] [INFO] Plugin initialized
[2026-02-02 02:26:26] [INFO] Plugin initialized
[2026-02-02 02:26:34] [INFO] Plugin initialized
[2026-02-02 02:26:52] [INFO] Plugin initialized
[2026-02-02 02:26:55] [INFO] Plugin initialized
[2026-02-02 02:26:58] [INFO] Plugin initialized
[2026-02-02 02:27:00] [INFO] Plugin initialized
[2026-02-02 03:23:12] [INFO] Plugin initialized
[2026-02-02 03:23:14] [INFO] Plugin initialized
[2026-02-02 03:23:56] [INFO] Plugin initialized
[2026-02-02 03:23:58] [INFO] Plugin initialized
[2026-02-02 03:24:00] [INFO] Plugin initialized
[2026-02-02 03:24:10] [INFO] Plugin initialized
[2026-02-02 03:24:11] [INFO] Plugin initialized
[2026-02-02 03:24:34] [INFO] Plugin initialized
[2026-02-02 03:24:36] [INFO] Plugin initialized
[2026-02-02 03:24:38] [INFO] Plugin initialized
[2026-02-02 03:24:42] [INFO] Plugin initialized
[2026-02-02 03:24:52] [INFO] Plugin initialized
[2026-02-02 03:24:58] [INFO] Plugin initialized
[2026-02-02 03:25:06] [INFO] Plugin initialized
[2026-02-02 03:25:17] [INFO] Plugin initialized
[2026-02-02 03:25:18] [INFO] Plugin initialized
[2026-02-02 03:25:19] [INFO] Plugin initialized
[2026-02-02 03:25:21] [INFO] Plugin initialized
[2026-02-02 03:25:23] [INFO] Plugin initialized
[2026-02-02 03:25:25] [INFO] Plugin initialized
[2026-02-02 03:25:27] [INFO] Plugin initialized
[2026-02-02 03:25:29] [INFO] Plugin initialized
[2026-02-02 03:25:36] [INFO] Plugin initialized
[2026-02-02 03:25:38] [INFO] Plugin initialized
[2026-02-02 03:25:41] [INFO] Plugin initialized
[2026-02-02 03:25:42] [INFO] Plugin initialized
[2026-02-02 03:25:43] [INFO] Plugin initialized
[2026-02-02 03:25:46] [INFO] Plugin initialized
[2026-02-02 03:25:48] [INFO] Plugin initialized
[2026-02-02 03:25:52] [INFO] Plugin initialized
[2026-02-02 03:25:54] [INFO] Plugin initialized
[2026-02-02 03:25:55] [INFO] Plugin initialized
[2026-02-02 03:25:56] [INFO] Plugin initialized
[2026-02-02 03:25:57] [INFO] Plugin initialized
[2026-02-02 03:26:01] [INFO] Plugin initialized
[2026-02-02 03:26:02] [INFO] Plugin initialized
[2026-02-02 03:26:03] [INFO] Plugin initialized
[2026-02-02 03:26:04] [INFO] Plugin initialized
[2026-02-02 03:26:05] [INFO] Plugin initialized
[2026-02-02 03:26:07] [INFO] Plugin initialized
[2026-02-02 03:26:09] [INFO] Plugin initialized
[2026-02-02 03:26:15] [INFO] Plugin initialized
[2026-02-02 03:26:18] [INFO] Plugin initialized
[2026-02-02 03:26:25] [INFO] Plugin initialized
[2026-02-02 03:26:27] [INFO] Plugin initialized
[2026-02-02 03:26:32] [INFO] Plugin initialized
[2026-02-02 03:26:33] [INFO] Plugin initialized
[2026-02-02 03:26:39] [INFO] Plugin initialized
[2026-02-02 03:26:41] [INFO] Plugin initialized
[2026-02-02 03:26:48] [INFO] Plugin initialized
[2026-02-02 03:26:50] [INFO] Plugin initialized
[2026-02-02 03:26:57] [INFO] Plugin initialized
[2026-02-02 03:27:00] [INFO] Plugin initialized
[2026-02-02 03:27:02] [INFO] Plugin initialized
[2026-02-02 03:27:06] [INFO] Plugin initialized
[2026-02-02 03:27:07] [INFO] Plugin initialized
[2026-02-02 03:27:13] [INFO] Plugin initialized
[2026-02-02 03:27:14] [INFO] Plugin initialized
[2026-02-02 03:27:20] [INFO] Plugin initialized
[2026-02-02 03:27:21] [INFO] Plugin initialized
[2026-02-02 03:27:28] [INFO] Plugin initialized
[2026-02-02 03:27:30] [INFO] Plugin initialized
[2026-02-02 03:27:35] [INFO] Plugin initialized
[2026-02-02 03:27:36] [INFO] Plugin initialized
[2026-02-02 03:27:41] [INFO] Plugin initialized
[2026-02-02 03:27:43] [INFO] Plugin initialized
[2026-02-02 03:27:48] [INFO] Plugin initialized
[2026-02-02 03:27:49] [INFO] Plugin initialized
[2026-02-02 03:27:55] [INFO] Plugin initialized
[2026-02-02 03:27:56] [INFO] Plugin initialized
[2026-02-02 03:27:57] [INFO] Plugin initialized
[2026-02-02 03:27:59] [INFO] Plugin initialized
[2026-02-02 03:27:59] [INFO] Plugin initialized
[2026-02-02 03:28:01] [INFO] Plugin initialized
[2026-02-02 03:28:02] [INFO] Plugin initialized
[2026-02-02 03:28:08] [INFO] Plugin initialized
[2026-02-02 03:28:09] [INFO] Plugin initialized
[2026-02-02 03:28:14] [INFO] Plugin initialized
[2026-02-02 03:28:15] [INFO] Plugin initialized
[2026-02-02 03:28:21] [INFO] Plugin initialized
[2026-02-02 03:28:22] [INFO] Plugin initialized
[2026-02-02 03:28:28] [INFO] Plugin initialized
[2026-02-02 03:28:30] [INFO] Plugin initialized
[2026-02-02 03:28:36] [INFO] Plugin initialized
[2026-02-02 03:28:37] [INFO] Plugin initialized
[2026-02-02 03:28:42] [INFO] Plugin initialized
[2026-02-02 03:28:43] [INFO] Plugin initialized
[2026-02-02 03:28:49] [INFO] Plugin initialized
[2026-02-02 03:28:50] [INFO] Plugin initialized
[2026-02-02 03:28:55] [INFO] Plugin initialized
[2026-02-02 03:28:56] [INFO] Plugin initialized
[2026-02-02 03:28:57] [INFO] Plugin initialized
[2026-02-02 03:28:58] [INFO] Plugin initialized
[2026-02-02 03:29:07] [INFO] Plugin initialized
[2026-02-02 03:29:10] [INFO] Plugin initialized
[2026-02-02 03:29:14] [INFO] Plugin initialized
[2026-02-02 03:29:15] [INFO] Plugin initialized
[2026-02-02 03:29:21] [INFO] Plugin initialized
[2026-02-02 03:29:22] [INFO] Plugin initialized
[2026-02-02 03:29:29] [INFO] Plugin initialized
[2026-02-02 03:29:30] [INFO] Plugin initialized
[2026-02-02 03:29:35] [INFO] Plugin initialized
[2026-02-02 03:29:37] [INFO] Plugin initialized
[2026-02-02 03:29:42] [INFO] Plugin initialized
[2026-02-02 03:29:44] [INFO] Plugin initialized
[2026-02-02 03:29:49] [INFO] Plugin initialized
[2026-02-02 03:29:50] [INFO] Plugin initialized
[2026-02-02 03:29:56] [INFO] Plugin initialized
[2026-02-02 03:29:57] [INFO] Plugin initialized
[2026-02-02 03:29:58] [INFO] Plugin initialized
[2026-02-02 03:29:59] [INFO] Plugin initialized
[2026-02-02 03:30:05] [INFO] Plugin initialized
[2026-02-02 03:30:07] [INFO] Plugin initialized
[2026-02-02 03:30:12] [INFO] Plugin initialized
[2026-02-02 03:30:13] [INFO] Plugin initialized
[2026-02-02 03:30:20] [INFO] Plugin initialized
[2026-02-02 03:30:21] [INFO] Plugin initialized
[2026-02-02 03:30:26] [INFO] Plugin initialized
[2026-02-02 03:30:28] [INFO] Plugin initialized
[2026-02-02 03:30:33] [INFO] Plugin initialized
[2026-02-02 03:30:34] [INFO] Plugin initialized
[2026-02-02 03:30:36] [INFO] Plugin initialized
[2026-02-02 03:30:38] [INFO] Plugin initialized
[2026-02-02 03:30:40] [INFO] Plugin initialized
[2026-02-02 03:30:44] [INFO] Plugin initialized
[2026-02-02 03:30:47] [INFO] Plugin initialized
[2026-02-02 03:30:53] [INFO] Plugin initialized
[2026-02-02 03:30:55] [INFO] Plugin initialized
[2026-02-02 03:30:59] [INFO] Plugin initialized
[2026-02-02 03:31:02] [INFO] Plugin initialized
[2026-02-02 03:31:03] [INFO] Plugin initialized
[2026-02-02 03:31:05] [INFO] Plugin initialized
[2026-02-02 03:31:08] [INFO] Plugin initialized
[2026-02-02 03:31:10] [INFO] Assets enqueued for booking form
[2026-02-02 03:31:13] [INFO] Booking form rendered with theme: blue
[2026-02-02 03:31:13] [INFO] Plugin initialized
[2026-02-02 03:31:14] [INFO] Plugin initialized
[2026-02-02 03:31:15] [INFO] Plugin initialized
[2026-02-02 03:31:17] [INFO] Plugin initialized
[2026-02-02 03:31:18] [INFO] Plugin initialized
[2026-02-02 03:31:20] [INFO] Plugin initialized
[2026-02-02 03:31:26] [INFO] Plugin initialized
[2026-02-02 03:31:27] [INFO] Plugin initialized
[2026-02-02 03:31:36] [INFO] Plugin initialized
[2026-02-02 03:31:37] [INFO] Plugin initialized
[2026-02-02 03:31:48] [INFO] Plugin initialized
[2026-02-06 13:05:57] [INFO] Plugin initialized
[2026-02-06 13:06:00] [INFO] Plugin initialized
[2026-02-06 13:06:01] [INFO] Plugin initialized
[2026-02-06 13:06:02] [INFO] Assets enqueued for booking form
[2026-02-06 13:06:03] [INFO] Booking form rendered with theme: blue
[2026-02-06 13:06:36] [INFO] Plugin initialized
[2026-02-06 13:06:38] [INFO] Plugin initialized
[2026-02-06 13:07:36] [INFO] Plugin initialized
[2026-02-06 13:07:38] [INFO] Plugin initialized
[2026-02-06 13:07:56] [INFO] Plugin initialized
[2026-02-06 13:07:57] [INFO] Plugin initialized
[2026-02-06 13:09:36] [INFO] Plugin initialized
[2026-02-06 13:09:38] [INFO] Plugin initialized
[2026-02-06 13:09:56] [INFO] Plugin initialized
[2026-02-06 13:09:58] [INFO] Plugin initialized
[2026-02-06 13:10:36] [INFO] Plugin initialized
[2026-02-06 13:10:39] [INFO] Plugin initialized
[2026-02-06 13:11:56] [INFO] Plugin initialized
[2026-02-06 13:11:58] [INFO] Plugin initialized
[2026-02-06 13:12:36] [INFO] Plugin initialized
[2026-02-06 13:12:38] [INFO] Plugin initialized
[2026-02-06 13:13:57] [INFO] Plugin initialized
[2026-02-06 13:13:59] [INFO] Plugin initialized
[2026-02-06 13:14:36] [INFO] Plugin initialized
[2026-02-06 13:14:38] [INFO] Plugin initialized
[2026-02-06 13:15:37] [INFO] Plugin initialized
[2026-02-06 13:15:39] [INFO] Plugin initialized
[2026-02-06 13:15:57] [INFO] Plugin initialized
[2026-02-06 13:15:59] [INFO] Plugin initialized
[2026-02-06 13:17:36] [INFO] Plugin initialized
[2026-02-06 13:17:38] [INFO] Plugin initialized
[2026-02-06 13:18:03] [INFO] Plugin initialized
[2026-02-06 13:18:08] [INFO] Plugin initialized
[2026-02-06 13:19:36] [INFO] Plugin initialized
[2026-02-06 13:19:39] [INFO] Plugin initialized
[2026-02-06 13:19:57] [INFO] Plugin initialized
[2026-02-06 13:19:58] [INFO] Plugin initialized
[2026-02-06 13:21:38] [INFO] Plugin initialized
[2026-02-06 13:21:42] [INFO] Plugin initialized
[2026-02-06 13:21:57] [INFO] Plugin initialized
[2026-02-06 13:21:59] [INFO] Plugin initialized
[2026-02-06 13:23:37] [INFO] Plugin initialized
[2026-02-06 13:23:39] [INFO] Plugin initialized
[2026-02-06 13:23:57] [INFO] Plugin initialized
[2026-02-06 13:23:59] [INFO] Plugin initialized
[2026-02-06 13:25:57] [INFO] Plugin initialized
[2026-02-06 13:25:58] [INFO] Plugin initialized
[2026-02-06 13:26:00] [INFO] Plugin initialized
[2026-02-06 13:27:03] [INFO] Plugin initialized
[2026-02-06 13:27:05] [INFO] Plugin initialized
[2026-02-06 13:27:57] [INFO] Plugin initialized
[2026-02-06 13:28:00] [INFO] Plugin initialized
[2026-02-06 13:28:03] [INFO] Plugin initialized
[2026-02-06 13:28:05] [INFO] Plugin initialized
[2026-02-06 13:29:57] [INFO] Plugin initialized
[2026-02-06 13:29:59] [INFO] Plugin initialized
[2026-02-06 13:30:13] [INFO] Plugin initialized
[2026-02-06 13:30:15] [INFO] Plugin initialized
[2026-02-06 13:31:57] [INFO] Plugin initialized
[2026-02-06 13:31:59] [INFO] Plugin initialized
[2026-02-06 13:32:04] [INFO] Plugin initialized
[2026-02-06 13:32:05] [INFO] Plugin initialized
[2026-02-06 13:33:57] [INFO] Plugin initialized
[2026-02-06 13:33:59] [INFO] Plugin initialized
[2026-02-06 13:34:03] [INFO] Plugin initialized
[2026-02-06 13:34:04] [INFO] Plugin initialized
[2026-02-06 13:35:57] [INFO] Plugin initialized
[2026-02-06 13:35:59] [INFO] Plugin initialized
[2026-02-06 13:36:03] [INFO] Plugin initialized
[2026-02-06 13:36:05] [INFO] Plugin initialized
[2026-02-06 13:37:57] [INFO] Plugin initialized
[2026-02-06 13:37:58] [INFO] Plugin initialized
[2026-02-06 13:40:12] [INFO] Plugin initialized
[2026-02-06 13:40:23] [INFO] Plugin initialized
[2026-02-06 13:41:58] [INFO] Plugin initialized
[2026-02-06 13:42:00] [INFO] Plugin initialized
[2026-02-06 13:43:46] [INFO] Plugin initialized
[2026-02-06 13:43:48] [INFO] Plugin initialized
[2026-02-06 13:43:57] [INFO] Plugin initialized
[2026-02-06 13:43:58] [INFO] Plugin initialized
[2026-02-06 13:45:46] [INFO] Plugin initialized
[2026-02-06 13:45:48] [INFO] Plugin initialized
[2026-02-06 13:46:01] [INFO] Plugin initialized
[2026-02-06 13:46:06] [INFO] Plugin initialized
[2026-02-06 13:47:46] [INFO] Plugin initialized
[2026-02-06 13:47:48] [INFO] Plugin initialized
[2026-02-06 13:47:57] [INFO] Plugin initialized
[2026-02-06 13:47:58] [INFO] Plugin initialized
[2026-02-06 13:49:44] [INFO] Plugin initialized
[2026-02-06 13:49:46] [INFO] Plugin initialized
[2026-02-06 13:49:58] [INFO] Plugin initialized
[2026-02-06 13:49:59] [INFO] Plugin initialized
[2026-02-06 13:50:44] [INFO] Plugin initialized
[2026-02-06 13:50:46] [INFO] Plugin initialized
[2026-02-06 13:51:44] [INFO] Plugin initialized
[2026-02-06 13:51:46] [INFO] Plugin initialized
[2026-02-06 13:51:58] [INFO] Plugin initialized
[2026-02-06 13:51:59] [INFO] Plugin initialized
[2026-02-06 13:53:44] [INFO] Plugin initialized
[2026-02-06 13:53:46] [INFO] Plugin initialized
[2026-02-06 13:53:58] [INFO] Plugin initialized
[2026-02-06 13:54:00] [INFO] Plugin initialized
[2026-02-06 13:55:09] [INFO] Plugin initialized
[2026-02-06 13:55:11] [INFO] Plugin initialized
[2026-02-06 13:55:59] [INFO] Plugin initialized
[2026-02-06 13:56:01] [INFO] Plugin initialized
[2026-02-06 13:56:09] [INFO] Plugin initialized
[2026-02-06 13:56:10] [INFO] Plugin initialized
[2026-02-06 13:57:42] [INFO] Plugin initialized
[2026-02-06 13:57:43] [INFO] Plugin initialized
[2026-02-06 13:58:42] [INFO] Plugin initialized
[2026-02-06 13:58:44] [INFO] Plugin initialized
[2026-02-06 14:00:00] [INFO] Plugin initialized
[2026-02-06 14:00:07] [INFO] Plugin initialized
[2026-02-06 14:00:43] [INFO] Plugin initialized
[2026-02-06 14:00:46] [INFO] Plugin initialized
[2026-02-06 14:01:42] [INFO] Plugin initialized
[2026-02-06 14:01:43] [INFO] Plugin initialized
[2026-02-06 14:02:00] [INFO] Plugin initialized
[2026-02-06 14:02:01] [INFO] Plugin initialized
[2026-02-06 14:02:42] [INFO] Plugin initialized
[2026-02-06 14:02:43] [INFO] Plugin initialized
[2026-02-06 14:04:00] [INFO] Plugin initialized
[2026-02-06 14:04:02] [INFO] Plugin initialized
[2026-02-06 14:04:42] [INFO] Plugin initialized
[2026-02-06 14:04:44] [INFO] Plugin initialized
[2026-02-06 14:06:03] [INFO] Plugin initialized
[2026-02-06 14:06:05] [INFO] Plugin initialized
[2026-02-06 14:06:42] [INFO] Plugin initialized
[2026-02-06 14:06:43] [INFO] Plugin initialized
[2026-02-06 14:07:44] [INFO] Plugin initialized
[2026-02-06 14:07:45] [INFO] Plugin initialized
[2026-02-06 14:08:01] [INFO] Plugin initialized
[2026-02-06 14:08:03] [INFO] Plugin initialized
[2026-02-06 14:09:45] [INFO] Plugin initialized
[2026-02-06 14:09:47] [INFO] Plugin initialized
[2026-02-06 14:10:04] [INFO] Plugin initialized
[2026-02-06 14:10:13] [INFO] Plugin initialized
[2026-02-06 14:11:44] [INFO] Plugin initialized
[2026-02-06 14:11:46] [INFO] Plugin initialized
[2026-02-06 14:12:00] [INFO] Plugin initialized
[2026-02-06 14:12:02] [INFO] Plugin initialized
[2026-02-06 14:13:45] [INFO] Plugin initialized
[2026-02-06 14:13:48] [INFO] Plugin initialized
[2026-02-06 14:14:01] [INFO] Plugin initialized
[2026-02-06 14:14:03] [INFO] Plugin initialized
[2026-02-06 14:15:43] [INFO] Plugin initialized
[2026-02-06 14:15:44] [INFO] Plugin initialized
[2026-02-06 14:16:02] [INFO] Plugin initialized
[2026-02-06 14:16:04] [INFO] Plugin initialized
[2026-02-06 14:18:02] [INFO] Plugin initialized
[2026-02-06 14:18:04] [INFO] Plugin initialized
[2026-02-06 14:20:11] [INFO] Plugin initialized
[2026-02-06 14:20:13] [INFO] Plugin initialized
[2026-02-06 14:22:02] [INFO] Plugin initialized
[2026-02-06 14:22:04] [INFO] Plugin initialized
[2026-02-06 14:23:04] [INFO] Plugin initialized
[2026-02-06 14:23:06] [INFO] Plugin initialized
[2026-02-06 14:24:03] [INFO] Plugin initialized
[2026-02-06 14:24:04] [INFO] Plugin initialized
[2026-02-06 14:24:06] [INFO] Plugin initialized
[2026-02-06 14:26:05] [INFO] Plugin initialized
[2026-02-06 14:26:06] [INFO] Plugin initialized
[2026-02-06 14:26:07] [INFO] Plugin initialized
[2026-02-06 14:28:03] [INFO] Plugin initialized
[2026-02-06 14:28:04] [INFO] Plugin initialized
[2026-02-06 14:28:05] [INFO] Plugin initialized
[2026-02-06 14:32:04] [INFO] Plugin initialized
[2026-02-06 14:32:05] [INFO] Plugin initialized
[2026-02-06 14:32:07] [INFO] Plugin initialized
[2026-02-06 14:34:02] [INFO] Plugin initialized
[2026-02-06 14:34:04] [INFO] Plugin initialized
[2026-02-06 14:36:03] [INFO] Plugin initialized
[2026-02-06 14:36:05] [INFO] Plugin initialized
[2026-02-06 14:38:03] [INFO] Plugin initialized
[2026-02-06 14:38:05] [INFO] Plugin initialized
[2026-02-06 14:40:13] [INFO] Plugin initialized
[2026-02-06 14:40:15] [INFO] Plugin initialized
[2026-02-06 14:42:03] [INFO] Plugin initialized
[2026-02-06 14:42:05] [INFO] Plugin initialized
[2026-02-06 14:44:03] [INFO] Plugin initialized
[2026-02-06 14:44:05] [INFO] Plugin initialized
[2026-02-06 14:46:03] [INFO] Plugin initialized
[2026-02-06 14:46:05] [INFO] Plugin initialized
[2026-02-06 15:44:56] [INFO] Plugin initialized
[2026-02-06 15:44:58] [INFO] Plugin initialized
[2026-02-06 15:46:55] [INFO] Plugin initialized
[2026-02-06 15:46:57] [INFO] Plugin initialized
[2026-02-06 15:48:57] [INFO] Plugin initialized
[2026-02-06 15:49:00] [INFO] Plugin initialized
[2026-02-06 15:50:56] [INFO] Plugin initialized
[2026-02-06 15:50:59] [INFO] Plugin initialized
[2026-02-06 15:52:55] [INFO] Plugin initialized
[2026-02-06 15:52:56] [INFO] Plugin initialized
[2026-02-06 15:53:50] [INFO] Plugin initialized
[2026-02-06 15:53:51] [INFO] Plugin initialized
[2026-02-06 15:54:50] [INFO] Plugin initialized
[2026-02-06 15:54:51] [INFO] Plugin initialized
[2026-02-06 15:54:54] [INFO] Plugin initialized
[2026-02-06 15:54:55] [INFO] Plugin initialized
[2026-02-06 15:56:22] [INFO] Plugin initialized
[2026-02-06 15:56:24] [INFO] Plugin initialized
[2026-02-06 15:56:54] [INFO] Plugin initialized
[2026-02-06 15:56:56] [INFO] Plugin initialized
[2026-02-06 15:57:20] [INFO] Plugin initialized
[2026-02-06 15:57:22] [INFO] Plugin initialized
[2026-02-06 15:58:55] [INFO] Plugin initialized
[2026-02-06 15:58:57] [INFO] Plugin initialized
[2026-02-06 15:59:20] [INFO] Plugin initialized
[2026-02-06 15:59:22] [INFO] Plugin initialized
[2026-02-06 16:00:55] [INFO] Plugin initialized
[2026-02-06 16:00:56] [INFO] Plugin initialized
[2026-02-06 16:01:21] [INFO] Plugin initialized
[2026-02-06 16:01:22] [INFO] Plugin initialized
[2026-02-06 16:02:55] [INFO] Plugin initialized
[2026-02-06 16:02:56] [INFO] Plugin initialized
[2026-02-06 16:02:57] [INFO] Plugin initialized
[2026-02-06 16:03:55] [INFO] Plugin initialized
[2026-02-06 16:03:57] [INFO] Plugin initialized
[2026-02-06 16:04:56] [INFO] Plugin initialized
[2026-02-06 16:04:57] [INFO] Plugin initialized
[2026-02-06 16:04:59] [INFO] Plugin initialized
[2026-02-06 16:06:55] [INFO] Plugin initialized
[2026-02-06 16:06:56] [INFO] Plugin initialized
[2026-02-06 16:06:57] [INFO] Plugin initialized
[2026-02-06 16:08:55] [INFO] Plugin initialized
[2026-02-06 16:08:56] [INFO] Plugin initialized
[2026-02-06 16:08:58] [INFO] Plugin initialized
[2026-02-06 16:10:55] [INFO] Plugin initialized
[2026-02-06 16:10:56] [INFO] Plugin initialized
[2026-02-06 16:10:58] [INFO] Plugin initialized
[2026-02-06 16:12:55] [INFO] Plugin initialized
[2026-02-06 16:12:56] [INFO] Plugin initialized
[2026-02-06 16:12:58] [INFO] Plugin initialized
[2026-02-06 16:14:56] [INFO] Plugin initialized
[2026-02-06 16:14:57] [INFO] Plugin initialized
[2026-02-06 16:14:59] [INFO] Plugin initialized
[2026-02-06 16:15:56] [INFO] Plugin initialized
[2026-02-06 16:15:57] [INFO] Plugin initialized
[2026-02-06 16:16:55] [INFO] Plugin initialized
[2026-02-06 16:16:56] [INFO] Plugin initialized
[2026-02-06 16:16:57] [INFO] Plugin initialized
[2026-02-06 16:18:55] [INFO] Plugin initialized
[2026-02-06 16:18:56] [INFO] Plugin initialized
[2026-02-06 16:18:57] [INFO] Plugin initialized
[2026-02-06 16:20:38] [INFO] Plugin initialized
[2026-02-06 16:20:41] [INFO] Plugin initialized
[2026-02-06 16:20:54] [INFO] Plugin initialized
[2026-02-06 16:20:55] [INFO] Plugin initialized
[2026-02-06 16:21:38] [INFO] Plugin initialized
[2026-02-06 16:21:40] [INFO] Plugin initialized
[2026-02-06 16:22:54] [INFO] Plugin initialized
[2026-02-06 16:22:56] [INFO] Plugin initialized
[2026-02-06 16:23:38] [INFO] Plugin initialized
[2026-02-06 16:23:40] [INFO] Plugin initialized
[2026-02-06 16:24:54] [INFO] Plugin initialized
[2026-02-06 16:24:56] [INFO] Plugin initialized
[2026-02-06 16:25:38] [INFO] Plugin initialized
[2026-02-06 16:25:41] [INFO] Plugin initialized
[2026-02-06 16:26:41] [INFO] Plugin initialized
[2026-02-06 16:26:44] [INFO] Plugin initialized
[2026-02-06 16:26:54] [INFO] Plugin initialized
[2026-02-06 16:26:55] [INFO] Plugin initialized
[2026-02-06 16:27:41] [INFO] Plugin initialized
[2026-02-06 16:27:42] [INFO] Plugin initialized
[2026-02-06 16:28:54] [INFO] Plugin initialized
[2026-02-06 16:28:56] [INFO] Plugin initialized
[2026-02-06 16:29:43] [INFO] Plugin initialized
[2026-02-06 16:29:48] [INFO] Plugin initialized
[2026-02-06 16:30:55] [INFO] Plugin initialized
[2026-02-06 16:30:57] [INFO] Plugin initialized
[2026-02-06 16:31:40] [INFO] Plugin initialized
[2026-02-06 16:31:42] [INFO] Plugin initialized
[2026-02-06 16:32:41] [INFO] Plugin initialized
[2026-02-06 16:32:42] [INFO] Plugin initialized
[2026-02-06 16:32:54] [INFO] Plugin initialized
[2026-02-06 16:32:56] [INFO] Plugin initialized
[2026-02-06 16:33:41] [INFO] Plugin initialized
[2026-02-06 16:33:42] [INFO] Plugin initialized
[2026-02-06 16:34:41] [INFO] Plugin initialized
[2026-02-06 16:34:42] [INFO] Plugin initialized
[2026-02-06 16:34:54] [INFO] Plugin initialized
[2026-02-06 16:34:56] [INFO] Plugin initialized
[2026-02-06 16:35:51] [INFO] Plugin initialized
[2026-02-06 16:35:53] [INFO] Plugin initialized
[2026-02-06 16:36:52] [INFO] Plugin initialized
[2026-02-06 16:36:53] [INFO] Plugin initialized
[2026-02-06 16:36:54] [INFO] Plugin initialized
[2026-02-06 16:36:55] [INFO] Plugin initialized
[2026-02-06 16:38:35] [INFO] Plugin initialized
[2026-02-06 16:38:37] [INFO] Plugin initialized
[2026-02-06 16:38:54] [INFO] Plugin initialized
[2026-02-06 16:38:56] [INFO] Plugin initialized
[2026-02-06 16:39:36] [INFO] Plugin initialized
[2026-02-06 16:39:37] [INFO] Plugin initialized
[2026-02-06 16:40:36] [INFO] Plugin initialized
[2026-02-06 16:40:38] [INFO] Plugin initialized
[2026-02-06 16:40:54] [INFO] Plugin initialized
[2026-02-06 16:40:56] [INFO] Plugin initialized
[2026-02-06 16:42:35] [INFO] Plugin initialized
[2026-02-06 16:42:37] [INFO] Plugin initialized
[2026-02-06 16:42:55] [INFO] Plugin initialized
[2026-02-06 16:42:56] [INFO] Plugin initialized
[2026-02-06 16:43:35] [INFO] Plugin initialized
[2026-02-06 16:43:37] [INFO] Plugin initialized
[2026-02-06 16:44:36] [INFO] Plugin initialized
[2026-02-06 16:44:38] [INFO] Plugin initialized
[2026-02-06 16:44:54] [INFO] Plugin initialized
[2026-02-06 16:44:56] [INFO] Plugin initialized
[2026-02-06 16:46:36] [INFO] Plugin initialized
[2026-02-06 16:46:38] [INFO] Plugin initialized
[2026-02-06 16:46:54] [INFO] Plugin initialized
[2026-02-06 16:46:55] [INFO] Plugin initialized
[2026-02-06 16:48:36] [INFO] Plugin initialized
[2026-02-06 16:48:37] [INFO] Plugin initialized
[2026-02-06 16:48:54] [INFO] Plugin initialized
[2026-02-06 16:48:56] [INFO] Plugin initialized
[2026-02-06 16:50:37] [INFO] Plugin initialized
[2026-02-06 16:50:39] [INFO] Plugin initialized
[2026-02-06 16:50:54] [INFO] Plugin initialized
[2026-02-06 16:50:56] [INFO] Plugin initialized
[2026-02-06 16:52:36] [INFO] Plugin initialized
[2026-02-06 16:52:37] [INFO] Plugin initialized
[2026-02-06 16:52:55] [INFO] Plugin initialized
[2026-02-06 16:52:57] [INFO] Plugin initialized
[2026-02-06 16:53:49] [INFO] Plugin initialized
[2026-02-06 16:53:51] [INFO] Plugin initialized
[2026-02-06 16:54:49] [INFO] Plugin initialized
[2026-02-06 16:54:51] [INFO] Plugin initialized
[2026-02-06 16:54:55] [INFO] Plugin initialized
[2026-02-06 16:54:56] [INFO] Plugin initialized
[2026-02-06 16:56:50] [INFO] Plugin initialized
[2026-02-06 16:56:51] [INFO] Plugin initialized
[2026-02-06 16:56:55] [INFO] Plugin initialized
[2026-02-06 16:56:56] [INFO] Plugin initialized
[2026-02-06 16:57:49] [INFO] Plugin initialized
[2026-02-06 16:57:52] [INFO] Plugin initialized
[2026-02-06 16:58:49] [INFO] Plugin initialized
[2026-02-06 16:58:51] [INFO] Plugin initialized
[2026-02-06 16:58:55] [INFO] Plugin initialized
[2026-02-06 16:58:57] [INFO] Plugin initialized
[2026-02-06 17:00:50] [INFO] Plugin initialized
[2026-02-06 17:00:52] [INFO] Plugin initialized
[2026-02-06 17:00:55] [INFO] Plugin initialized
[2026-02-06 17:00:56] [INFO] Plugin initialized
[2026-02-06 17:02:49] [INFO] Plugin initialized
[2026-02-06 17:02:51] [INFO] Plugin initialized
[2026-02-06 17:02:55] [INFO] Plugin initialized
[2026-02-06 17:02:56] [INFO] Plugin initialized
[2026-02-06 17:03:58] [INFO] Plugin initialized
[2026-02-06 17:04:00] [INFO] Plugin initialized
[2026-02-06 17:04:56] [INFO] Plugin initialized
[2026-02-06 17:04:57] [INFO] Plugin initialized
[2026-02-06 17:05:23] [INFO] Plugin initialized
[2026-02-06 17:05:25] [INFO] Plugin initialized
[2026-02-06 17:06:24] [INFO] Plugin initialized
[2026-02-06 17:06:26] [INFO] Plugin initialized
[2026-02-06 17:06:55] [INFO] Plugin initialized
[2026-02-06 17:06:56] [INFO] Plugin initialized
[2026-02-06 17:07:23] [INFO] Plugin initialized
[2026-02-06 17:07:25] [INFO] Plugin initialized
[2026-02-06 17:08:24] [INFO] Plugin initialized
[2026-02-06 17:08:26] [INFO] Plugin initialized
[2026-02-06 17:08:55] [INFO] Plugin initialized
[2026-02-06 17:08:57] [INFO] Plugin initialized
[2026-02-06 17:10:24] [INFO] Plugin initialized
[2026-02-06 17:10:25] [INFO] Plugin initialized
[2026-02-06 17:10:55] [INFO] Plugin initialized
[2026-02-06 17:10:57] [INFO] Plugin initialized
[2026-02-06 17:11:23] [INFO] Plugin initialized
[2026-02-06 17:11:25] [INFO] Plugin initialized
[2026-02-06 17:12:24] [INFO] Plugin initialized
[2026-02-06 17:12:25] [INFO] Plugin initialized
[2026-02-06 17:12:56] [INFO] Plugin initialized
[2026-02-06 17:12:57] [INFO] Plugin initialized
[2026-02-06 17:13:47] [INFO] Plugin initialized
[2026-02-06 17:13:48] [INFO] Plugin initialized
[2026-02-06 17:14:46] [INFO] Plugin initialized
[2026-02-06 17:14:48] [INFO] Plugin initialized
[2026-02-06 17:14:55] [INFO] Plugin initialized
[2026-02-06 17:14:57] [INFO] Plugin initialized
[2026-02-06 17:16:47] [INFO] Plugin initialized
[2026-02-06 17:16:49] [INFO] Plugin initialized
[2026-02-06 17:16:57] [INFO] Plugin initialized
[2026-02-06 17:16:58] [INFO] Plugin initialized
[2026-02-06 17:18:48] [INFO] Plugin initialized
[2026-02-06 17:18:50] [INFO] Plugin initialized
[2026-02-06 17:18:55] [INFO] Plugin initialized
[2026-02-06 17:18:57] [INFO] Plugin initialized
[2026-02-06 17:20:46] [INFO] Plugin initialized
[2026-02-06 17:20:48] [INFO] Plugin initialized
[2026-02-06 17:20:56] [INFO] Plugin initialized
[2026-02-06 17:20:58] [INFO] Plugin initialized
[2026-02-06 17:21:44] [INFO] Plugin initialized
[2026-02-06 17:21:46] [INFO] Plugin initialized
[2026-02-06 17:22:57] [INFO] Plugin initialized
[2026-02-06 17:22:57] [INFO] Plugin initialized
[2026-02-06 17:22:59] [INFO] Plugin initialized
[2026-02-06 17:23:56] [INFO] Plugin initialized
[2026-02-06 17:23:58] [INFO] Plugin initialized
[2026-02-06 17:24:57] [INFO] Plugin initialized
[2026-02-06 17:24:58] [INFO] Plugin initialized
[2026-02-06 17:25:00] [INFO] Plugin initialized
[2026-02-06 17:25:56] [INFO] Plugin initialized
[2026-02-06 17:25:58] [INFO] Plugin initialized
[2026-02-06 17:26:56] [INFO] Plugin initialized
[2026-02-06 17:26:58] [INFO] Plugin initialized
[2026-02-06 17:26:59] [INFO] Plugin initialized
[2026-02-06 17:28:58] [INFO] Plugin initialized
[2026-02-06 17:28:59] [INFO] Plugin initialized
[2026-02-06 17:29:02] [INFO] Plugin initialized
[2026-02-06 17:30:57] [INFO] Plugin initialized
[2026-02-06 17:30:58] [INFO] Plugin initialized
[2026-02-06 17:30:59] [INFO] Plugin initialized
[2026-02-06 17:31:56] [INFO] Plugin initialized
[2026-02-06 17:31:58] [INFO] Plugin initialized
[2026-02-06 17:32:57] [INFO] Plugin initialized
[2026-02-06 17:32:58] [INFO] Plugin initialized
[2026-02-06 17:33:00] [INFO] Plugin initialized
[2026-02-06 17:33:56] [INFO] Plugin initialized
[2026-02-06 17:33:58] [INFO] Plugin initialized
[2026-02-06 17:34:56] [INFO] Plugin initialized
[2026-02-06 17:34:58] [INFO] Plugin initialized
[2026-02-06 17:34:59] [INFO] Plugin initialized
[2026-02-06 17:36:57] [INFO] Plugin initialized
[2026-02-06 17:36:58] [INFO] Plugin initialized
[2026-02-06 17:36:59] [INFO] Plugin initialized
[2026-02-06 17:38:56] [INFO] Plugin initialized
[2026-02-06 17:38:58] [INFO] Plugin initialized
[2026-02-06 17:38:59] [INFO] Plugin initialized
[2026-02-06 17:40:59] [INFO] Plugin initialized
[2026-02-06 17:41:00] [INFO] Plugin initialized
[2026-02-06 17:41:03] [INFO] Plugin initialized
[2026-02-06 17:41:58] [INFO] Plugin initialized
[2026-02-06 17:42:00] [INFO] Plugin initialized
[2026-02-06 17:42:56] [INFO] Plugin initialized
[2026-02-06 17:42:58] [INFO] Plugin initialized
[2026-02-06 17:43:02] [INFO] Plugin initialized
[2026-02-06 17:43:04] [INFO] Plugin initialized
[2026-02-06 17:44:03] [INFO] Plugin initialized
[2026-02-06 17:44:05] [INFO] Plugin initialized
[2026-02-06 17:44:56] [INFO] Plugin initialized
[2026-02-06 17:44:58] [INFO] Plugin initialized
[2026-02-06 17:45:12] [INFO] Plugin initialized
[2026-02-06 17:45:14] [INFO] Plugin initialized
[2026-02-06 17:46:57] [INFO] Plugin initialized
[2026-02-06 17:46:58] [INFO] Plugin initialized
[2026-02-06 17:47:02] [INFO] Plugin initialized
[2026-02-06 17:47:04] [INFO] Plugin initialized
[2026-02-06 17:48:02] [INFO] Plugin initialized
[2026-02-06 17:48:04] [INFO] Plugin initialized
[2026-02-06 17:48:57] [INFO] Plugin initialized
[2026-02-06 17:48:59] [INFO] Plugin initialized
[2026-02-06 17:49:03] [INFO] Plugin initialized
[2026-02-06 17:49:04] [INFO] Plugin initialized
[2026-02-06 17:50:57] [INFO] Plugin initialized
[2026-02-06 17:50:58] [INFO] Plugin initialized
[2026-02-06 17:51:02] [INFO] Plugin initialized
[2026-02-06 17:51:04] [INFO] Plugin initialized
[2026-02-06 17:52:07] [INFO] Plugin initialized
[2026-02-06 17:52:13] [INFO] Plugin initialized
[2026-02-06 17:52:58] [INFO] Plugin initialized
[2026-02-06 17:52:59] [INFO] Plugin initialized
[2026-02-06 17:53:02] [INFO] Plugin initialized
[2026-02-06 17:53:03] [INFO] Plugin initialized
[2026-02-06 17:54:03] [INFO] Plugin initialized
[2026-02-06 17:54:05] [INFO] Plugin initialized
[2026-02-06 17:54:56] [INFO] Plugin initialized
[2026-02-06 17:54:58] [INFO] Plugin initialized
[2026-02-06 17:55:10] [INFO] Plugin initialized
[2026-02-06 17:55:11] [INFO] Plugin initialized
[2026-02-06 17:56:58] [INFO] Plugin initialized
[2026-02-06 17:56:59] [INFO] Plugin initialized
[2026-02-06 17:57:02] [INFO] Plugin initialized
[2026-02-06 17:57:03] [INFO] Plugin initialized
[2026-02-06 17:58:57] [INFO] Plugin initialized
[2026-02-06 17:59:00] [INFO] Plugin initialized
[2026-02-06 17:59:02] [INFO] Plugin initialized
[2026-02-06 17:59:04] [INFO] Plugin initialized
[2026-02-06 18:00:37] [INFO] Plugin initialized
[2026-02-06 18:00:41] [INFO] Plugin initialized
[2026-02-06 18:00:56] [INFO] Plugin initialized
[2026-02-06 18:00:58] [INFO] Plugin initialized
[2026-02-06 18:01:31] [INFO] Plugin initialized
[2026-02-06 18:01:33] [INFO] Plugin initialized
[2026-02-06 18:02:56] [INFO] Plugin initialized
[2026-02-06 18:02:58] [INFO] Plugin initialized
[2026-02-06 18:03:24] [INFO] Plugin initialized
[2026-02-06 18:03:26] [INFO] Plugin initialized
[2026-02-06 18:04:27] [INFO] Plugin initialized
[2026-02-06 18:04:29] [INFO] Plugin initialized
[2026-02-06 18:04:56] [INFO] Plugin initialized
[2026-02-06 18:04:58] [INFO] Plugin initialized
[2026-02-06 18:06:27] [INFO] Plugin initialized
[2026-02-06 18:06:30] [INFO] Plugin initialized
[2026-02-06 18:06:56] [INFO] Plugin initialized
[2026-02-06 18:06:57] [INFO] Plugin initialized
[2026-02-06 18:08:26] [INFO] Plugin initialized
[2026-02-06 18:08:28] [INFO] Plugin initialized
[2026-02-06 18:08:57] [INFO] Plugin initialized
[2026-02-06 18:08:59] [INFO] Plugin initialized
[2026-02-06 18:10:26] [INFO] Plugin initialized
[2026-02-06 18:10:27] [INFO] Plugin initialized
[2026-02-06 18:10:57] [INFO] Plugin initialized
[2026-02-06 18:10:59] [INFO] Plugin initialized
[2026-02-06 18:11:24] [INFO] Plugin initialized
[2026-02-06 18:11:26] [INFO] Plugin initialized
[2026-02-06 18:13:10] [INFO] Plugin initialized
[2026-02-06 18:13:12] [INFO] Plugin initialized
[2026-02-06 18:13:28] [INFO] Plugin initialized
[2026-02-06 18:13:30] [INFO] Plugin initialized
[2026-02-06 18:15:26] [INFO] Plugin initialized
[2026-02-06 18:15:28] [INFO] Plugin initialized
[2026-02-06 18:16:26] [INFO] Plugin initialized
[2026-02-06 18:16:27] [INFO] Plugin initialized
[2026-02-06 18:16:56] [INFO] Plugin initialized
[2026-02-06 18:16:58] [INFO] Plugin initialized
[2026-02-06 18:17:44] [INFO] Plugin initialized
[2026-02-06 18:17:46] [INFO] Plugin initialized
[2026-02-06 18:18:44] [INFO] Plugin initialized
[2026-02-06 18:18:46] [INFO] Plugin initialized
[2026-02-06 18:18:56] [INFO] Plugin initialized
[2026-02-06 18:18:58] [INFO] Plugin initialized
[2026-02-06 18:19:44] [INFO] Plugin initialized
[2026-02-06 18:19:45] [INFO] Plugin initialized
[2026-02-06 18:20:44] [INFO] Plugin initialized
[2026-02-06 18:20:46] [INFO] Plugin initialized
[2026-02-06 18:20:56] [INFO] Plugin initialized
[2026-02-06 18:20:58] [INFO] Plugin initialized
[2026-02-06 18:21:51] [INFO] Plugin initialized
[2026-02-06 18:21:53] [INFO] Plugin initialized
[2026-02-06 18:22:54] [INFO] Plugin initialized
[2026-02-06 18:22:56] [INFO] Plugin initialized
[2026-02-06 18:22:56] [INFO] Plugin initialized
[2026-02-06 18:24:00] [INFO] Plugin initialized
[2026-02-06 18:24:14] [INFO] Plugin initialized
[2026-02-06 18:24:59] [INFO] Plugin initialized
[2026-02-06 18:25:00] [INFO] Plugin initialized
[2026-02-06 18:25:13] [INFO] Plugin initialized
[2026-02-06 18:25:16] [INFO] Plugin initialized
[2026-02-06 18:26:14] [INFO] Plugin initialized
[2026-02-06 18:26:15] [INFO] Plugin initialized
[2026-02-06 18:26:58] [INFO] Plugin initialized
[2026-02-06 18:27:00] [INFO] Plugin initialized
[2026-02-06 18:27:16] [INFO] Plugin initialized
[2026-02-06 18:27:17] [INFO] Plugin initialized
[2026-02-06 18:28:14] [INFO] Plugin initialized
[2026-02-06 18:28:15] [INFO] Plugin initialized
[2026-02-06 18:28:56] [INFO] Plugin initialized
[2026-02-06 18:28:58] [INFO] Plugin initialized
[2026-02-06 18:29:13] [INFO] Plugin initialized
[2026-02-06 18:29:14] [INFO] Plugin initialized
[2026-02-06 18:30:14] [INFO] Plugin initialized
[2026-02-06 18:30:16] [INFO] Plugin initialized
[2026-02-06 18:30:56] [INFO] Plugin initialized
[2026-02-06 18:30:58] [INFO] Plugin initialized
[2026-02-06 18:32:05] [INFO] Plugin initialized
[2026-02-06 18:32:07] [INFO] Plugin initialized
[2026-02-06 18:32:58] [INFO] Plugin initialized
[2026-02-06 18:33:00] [INFO] Plugin initialized
[2026-02-06 18:33:05] [INFO] Plugin initialized
[2026-02-06 18:33:07] [INFO] Plugin initialized
[2026-02-06 18:34:06] [INFO] Plugin initialized
[2026-02-06 18:34:13] [INFO] Plugin initialized
[2026-02-06 18:34:57] [INFO] Plugin initialized
[2026-02-06 18:34:59] [INFO] Plugin initialized
[2026-02-06 18:35:17] [INFO] Plugin initialized
[2026-02-06 18:35:19] [INFO] Plugin initialized
[2026-02-06 18:36:19] [INFO] Plugin initialized
[2026-02-06 18:36:21] [INFO] Plugin initialized
[2026-02-06 18:36:56] [INFO] Plugin initialized
[2026-02-06 18:36:57] [INFO] Plugin initialized
[2026-02-06 18:38:18] [INFO] Plugin initialized
[2026-02-06 18:38:19] [INFO] Plugin initialized
[2026-02-06 18:38:59] [INFO] Plugin initialized
[2026-02-06 18:39:09] [INFO] Plugin initialized
[2026-02-06 18:39:18] [INFO] Plugin initialized
[2026-02-06 18:39:20] [INFO] Plugin initialized
[2026-02-06 18:40:21] [INFO] Plugin initialized
[2026-02-06 18:40:23] [INFO] Plugin initialized
[2026-02-06 18:40:57] [INFO] Plugin initialized
[2026-02-06 18:40:58] [INFO] Plugin initialized
[2026-02-06 18:41:20] [INFO] Plugin initialized
[2026-02-06 18:41:25] [INFO] Plugin initialized
[2026-02-06 18:42:22] [INFO] Plugin initialized
[2026-02-06 18:42:34] [INFO] Plugin initialized
[2026-02-06 18:42:58] [INFO] Plugin initialized
[2026-02-06 18:42:59] [INFO] Plugin initialized
[2026-02-06 18:43:17] [INFO] Plugin initialized
[2026-02-06 18:43:19] [INFO] Plugin initialized
[2026-02-06 18:44:19] [INFO] Plugin initialized
[2026-02-06 18:44:22] [INFO] Plugin initialized
[2026-02-06 18:45:01] [INFO] Plugin initialized
[2026-02-06 18:45:09] [INFO] Plugin initialized
[2026-02-06 18:45:19] [INFO] Plugin initialized
[2026-02-06 18:45:22] [INFO] Plugin initialized
[2026-02-06 18:46:20] [INFO] Plugin initialized
[2026-02-06 18:46:25] [INFO] Plugin initialized
[2026-02-06 18:46:57] [INFO] Plugin initialized
[2026-02-06 18:46:58] [INFO] Plugin initialized
[2026-02-06 18:48:19] [INFO] Plugin initialized
[2026-02-06 18:48:21] [INFO] Plugin initialized
[2026-02-06 18:48:57] [INFO] Plugin initialized
[2026-02-06 18:48:58] [INFO] Plugin initialized
[2026-02-06 18:50:18] [INFO] Plugin initialized
[2026-02-06 18:50:19] [INFO] Plugin initialized
[2026-02-06 18:50:56] [INFO] Plugin initialized
[2026-02-06 18:50:58] [INFO] Plugin initialized
[2026-02-06 18:52:18] [INFO] Plugin initialized
[2026-02-06 18:52:20] [INFO] Plugin initialized
[2026-02-06 18:52:56] [INFO] Plugin initialized
[2026-02-06 18:52:58] [INFO] Plugin initialized
[2026-02-06 18:54:19] [INFO] Plugin initialized
[2026-02-06 18:54:21] [INFO] Plugin initialized
[2026-02-06 18:54:57] [INFO] Plugin initialized
[2026-02-06 18:55:00] [INFO] Plugin initialized
[2026-02-06 18:56:57] [INFO] Plugin initialized
[2026-02-06 18:56:59] [INFO] Plugin initialized
[2026-02-06 18:58:57] [INFO] Plugin initialized
[2026-02-06 18:58:58] [INFO] Plugin initialized
[2026-02-06 19:00:57] [INFO] Plugin initialized
[2026-02-06 19:00:59] [INFO] Plugin initialized
[2026-02-06 19:02:58] [INFO] Plugin initialized
[2026-02-06 19:02:59] [INFO] Plugin initialized
[2026-02-06 19:04:58] [INFO] Plugin initialized
[2026-02-06 19:05:00] [INFO] Plugin initialized
[2026-02-06 19:06:57] [INFO] Plugin initialized
[2026-02-06 19:06:59] [INFO] Plugin initialized
[2026-02-06 19:08:59] [INFO] Plugin initialized
[2026-02-06 19:09:06] [INFO] Plugin initialized
[2026-02-06 19:10:58] [INFO] Plugin initialized
[2026-02-06 19:11:00] [INFO] Plugin initialized
[2026-02-06 19:12:58] [INFO] Plugin initialized
[2026-02-06 19:13:00] [INFO] Plugin initialized
[2026-02-06 19:14:58] [INFO] Plugin initialized
[2026-02-06 19:15:00] [INFO] Plugin initialized
[2026-02-06 19:16:59] [INFO] Plugin initialized
[2026-02-06 19:17:00] [INFO] Plugin initialized
[2026-02-06 22:18:32] [INFO] Plugin initialized
[2026-02-06 22:18:34] [INFO] Plugin initialized
[2026-02-07 07:47:49] [INFO] Plugin initialized
[2026-02-07 07:47:51] [INFO] Plugin initialized
[2026-02-07 07:47:57] [INFO] Plugin initialized
[2026-02-07 07:48:00] [INFO] Plugin initialized
[2026-02-07 07:49:39] [INFO] Plugin initialized
[2026-02-07 07:49:42] [INFO] Plugin initialized
[2026-02-07 07:49:52] [INFO] Plugin initialized
[2026-02-07 07:49:58] [INFO] Plugin initialized
[2026-02-07 07:50:52] [INFO] Plugin initialized
[2026-02-07 07:50:54] [INFO] Plugin initialized
[2026-02-07 07:51:39] [INFO] Plugin initialized
[2026-02-07 07:51:41] [INFO] Plugin initialized
[2026-02-07 07:52:50] [INFO] Plugin initialized
[2026-02-07 07:52:51] [INFO] Plugin initialized
[2026-02-07 07:53:39] [INFO] Plugin initialized
[2026-02-07 07:53:40] [INFO] Plugin initialized
[2026-02-07 07:53:49] [INFO] Plugin initialized
[2026-02-07 07:53:50] [INFO] Plugin initialized
[2026-02-07 07:55:39] [INFO] Plugin initialized
[2026-02-07 07:55:40] [INFO] Plugin initialized
[2026-02-07 07:55:49] [INFO] Plugin initialized
[2026-02-07 07:55:50] [INFO] Plugin initialized
[2026-02-07 07:56:49] [INFO] Plugin initialized
[2026-02-07 07:56:51] [INFO] Plugin initialized
[2026-02-07 07:57:39] [INFO] Plugin initialized
[2026-02-07 07:57:41] [INFO] Plugin initialized
[2026-02-07 07:58:51] [INFO] Plugin initialized
[2026-02-07 07:58:53] [INFO] Plugin initialized
[2026-02-07 07:59:45] [INFO] Plugin initialized
[2026-02-07 07:59:55] [INFO] Plugin initialized
[2026-02-07 08:00:39] [INFO] Plugin initialized
[2026-02-07 08:00:42] [INFO] Plugin initialized
[2026-02-07 08:01:39] [INFO] Plugin initialized
[2026-02-07 08:01:40] [INFO] Plugin initialized
[2026-02-07 08:01:41] [INFO] Plugin initialized
[2026-02-07 08:03:39] [INFO] Plugin initialized
[2026-02-07 08:03:40] [INFO] Plugin initialized
[2026-02-07 08:03:41] [INFO] Plugin initialized
[2026-02-07 08:05:39] [INFO] Plugin initialized
[2026-02-07 08:05:40] [INFO] Plugin initialized
[2026-02-07 08:05:42] [INFO] Plugin initialized
[2026-02-07 08:07:38] [INFO] Plugin initialized
[2026-02-07 08:07:40] [INFO] Plugin initialized
[2026-02-07 08:07:41] [INFO] Plugin initialized
[2026-02-07 08:09:39] [INFO] Plugin initialized
[2026-02-07 08:09:40] [INFO] Plugin initialized
[2026-02-07 08:09:42] [INFO] Plugin initialized
[2026-02-07 08:11:39] [INFO] Plugin initialized
[2026-02-07 08:11:41] [INFO] Plugin initialized
[2026-02-07 08:11:47] [INFO] Plugin initialized
[2026-02-07 08:11:48] [INFO] Plugin initialized
[2026-02-07 08:12:47] [INFO] Plugin initialized
[2026-02-07 08:12:48] [INFO] Plugin initialized
[2026-02-07 08:13:39] [INFO] Plugin initialized
[2026-02-07 08:13:41] [INFO] Plugin initialized
[2026-02-07 08:13:47] [INFO] Plugin initialized
[2026-02-07 08:13:48] [INFO] Plugin initialized
[2026-02-07 08:14:47] [INFO] Plugin initialized
[2026-02-07 08:14:49] [INFO] Plugin initialized
[2026-02-07 08:15:39] [INFO] Plugin initialized
[2026-02-07 08:15:41] [INFO] Plugin initialized
[2026-02-07 08:16:47] [INFO] Plugin initialized
[2026-02-07 08:16:49] [INFO] Plugin initialized
[2026-02-07 08:17:39] [INFO] Plugin initialized
[2026-02-07 08:17:41] [INFO] Plugin initialized
[2026-02-07 08:18:47] [INFO] Plugin initialized
[2026-02-07 08:18:49] [INFO] Plugin initialized
[2026-02-07 08:19:39] [INFO] Plugin initialized
[2026-02-07 08:19:41] [INFO] Plugin initialized
[2026-02-07 08:20:48] [INFO] Plugin initialized
[2026-02-07 08:20:49] [INFO] Plugin initialized
[2026-02-07 08:21:40] [INFO] Plugin initialized
[2026-02-07 08:21:42] [INFO] Plugin initialized
[2026-02-07 08:22:47] [INFO] Plugin initialized
[2026-02-07 08:22:49] [INFO] Plugin initialized
[2026-02-07 08:23:39] [INFO] Plugin initialized
[2026-02-07 08:23:41] [INFO] Plugin initialized
[2026-02-07 08:25:00] [INFO] Plugin initialized
[2026-02-07 08:25:12] [INFO] Plugin initialized
[2026-02-07 08:25:41] [INFO] Plugin initialized
[2026-02-07 08:25:43] [INFO] Plugin initialized
[2026-02-07 08:26:01] [INFO] Plugin initialized
[2026-02-07 08:26:03] [INFO] Plugin initialized
[2026-02-07 08:27:39] [INFO] Plugin initialized
[2026-02-07 08:27:41] [INFO] Plugin initialized
[2026-02-07 08:28:00] [INFO] Plugin initialized
[2026-02-07 08:28:02] [INFO] Plugin initialized
[2026-02-07 08:29:40] [INFO] Plugin initialized
[2026-02-07 08:29:42] [INFO] Plugin initialized
[2026-02-07 08:30:00] [INFO] Plugin initialized
[2026-02-07 08:30:11] [INFO] Plugin initialized
[2026-02-07 08:31:31] [INFO] Plugin initialized
[2026-02-07 08:31:32] [INFO] Plugin initialized
[2026-02-07 08:31:39] [INFO] Plugin initialized
[2026-02-07 08:32:31] [INFO] Plugin initialized
[2026-02-07 08:32:32] [INFO] Plugin initialized
[2026-02-07 08:33:39] [INFO] Plugin initialized
[2026-02-07 08:33:41] [INFO] Plugin initialized
[2026-02-07 08:34:13] [INFO] Plugin initialized
[2026-02-07 08:34:14] [INFO] Plugin initialized
[2026-02-07 08:35:17] [INFO] Plugin initialized
[2026-02-07 08:35:19] [INFO] Plugin initialized
[2026-02-07 08:35:39] [INFO] Plugin initialized
[2026-02-07 08:35:40] [INFO] Plugin initialized
[2026-02-07 08:37:12] [INFO] Plugin initialized
[2026-02-07 08:37:14] [INFO] Plugin initialized
[2026-02-07 08:37:39] [INFO] Plugin initialized
[2026-02-07 08:37:40] [INFO] Plugin initialized
[2026-02-07 08:39:13] [INFO] Plugin initialized
[2026-02-07 08:39:14] [INFO] Plugin initialized
[2026-02-07 08:39:39] [INFO] Plugin initialized
[2026-02-07 08:39:40] [INFO] Plugin initialized
[2026-02-07 08:41:03] [INFO] Plugin initialized
[2026-02-07 08:41:05] [INFO] Plugin initialized
[2026-02-07 08:41:39] [INFO] Plugin initialized
[2026-02-07 08:41:40] [INFO] Plugin initialized
[2026-02-07 08:42:04] [INFO] Plugin initialized
[2026-02-07 08:42:07] [INFO] Plugin initialized
[2026-02-07 08:43:40] [INFO] Plugin initialized
[2026-02-07 08:43:41] [INFO] Plugin initialized
[2026-02-07 08:44:02] [INFO] Plugin initialized
[2026-02-07 08:44:04] [INFO] Plugin initialized
[2026-02-07 08:45:10] [INFO] Plugin initialized
[2026-02-07 08:45:14] [INFO] Plugin initialized
[2026-02-07 08:45:41] [INFO] Plugin initialized
[2026-02-07 08:45:42] [INFO] Plugin initialized
[2026-02-07 08:46:02] [INFO] Plugin initialized
[2026-02-07 08:46:04] [INFO] Plugin initialized
[2026-02-07 08:47:41] [INFO] Plugin initialized
[2026-02-07 08:47:43] [INFO] Plugin initialized
[2026-02-07 08:47:50] [INFO] Plugin initialized
[2026-02-07 08:47:52] [INFO] Plugin initialized
[2026-02-07 08:48:51] [INFO] Plugin initialized
[2026-02-07 08:48:53] [INFO] Plugin initialized
[2026-02-07 08:49:41] [INFO] Plugin initialized
[2026-02-07 08:49:43] [INFO] Plugin initialized
[2026-02-07 08:50:39] [INFO] Plugin initialized
[2026-02-07 08:50:41] [INFO] Plugin initialized
[2026-02-07 08:51:39] [INFO] Plugin initialized
[2026-02-07 08:51:41] [INFO] Plugin initialized
[2026-02-07 08:51:42] [INFO] Plugin initialized
[2026-02-07 08:52:39] [INFO] Plugin initialized
[2026-02-07 08:52:40] [INFO] Plugin initialized
[2026-02-07 08:53:41] [INFO] Plugin initialized
[2026-02-07 08:53:42] [INFO] Plugin initialized
[2026-02-07 08:54:39] [INFO] Plugin initialized
[2026-02-07 08:54:41] [INFO] Plugin initialized
[2026-02-07 08:55:41] [INFO] Plugin initialized
[2026-02-07 08:55:43] [INFO] Plugin initialized
[2026-02-07 08:56:39] [INFO] Plugin initialized
[2026-02-07 08:56:40] [INFO] Plugin initialized
[2026-02-07 08:57:41] [INFO] Plugin initialized
[2026-02-07 08:57:42] [INFO] Plugin initialized
[2026-02-07 08:58:39] [INFO] Plugin initialized
[2026-02-07 08:58:42] [INFO] Plugin initialized
[2026-02-07 08:59:41] [INFO] Plugin initialized
[2026-02-07 08:59:44] [INFO] Plugin initialized
[2026-02-07 09:01:52] [INFO] Plugin initialized
[2026-02-07 09:01:54] [INFO] Plugin initialized
[2026-02-07 09:03:41] [INFO] Plugin initialized
[2026-02-07 09:03:43] [INFO] Plugin initialized
[2026-02-07 09:05:41] [INFO] Plugin initialized
[2026-02-07 09:05:43] [INFO] Plugin initialized
[2026-02-07 09:07:41] [INFO] Plugin initialized
[2026-02-07 09:07:43] [INFO] Plugin initialized
[2026-02-07 09:09:41] [INFO] Plugin initialized
[2026-02-07 09:09:43] [INFO] Plugin initialized
[2026-02-07 09:11:41] [INFO] Plugin initialized
[2026-02-07 09:11:43] [INFO] Plugin initialized
[2026-02-07 09:13:32] [INFO] Plugin initialized
[2026-02-07 09:13:33] [INFO] Plugin initialized
[2026-02-07 09:13:40] [INFO] Plugin initialized
[2026-02-07 09:13:42] [INFO] Plugin initialized
[2026-02-07 09:14:31] [INFO] Plugin initialized
[2026-02-07 09:14:33] [INFO] Plugin initialized
[2026-02-07 09:15:31] [INFO] Plugin initialized
[2026-02-07 09:15:33] [INFO] Plugin initialized
[2026-02-07 09:15:41] [INFO] Plugin initialized
[2026-02-07 09:15:42] [INFO] Plugin initialized
[2026-02-07 09:17:34] [INFO] Plugin initialized
[2026-02-07 09:17:38] [INFO] Plugin initialized
[2026-02-07 09:17:41] [INFO] Plugin initialized
[2026-02-07 09:17:44] [INFO] Plugin initialized
[2026-02-07 09:19:32] [INFO] Plugin initialized
[2026-02-07 09:19:33] [INFO] Plugin initialized
[2026-02-07 09:19:40] [INFO] Plugin initialized
[2026-02-07 09:19:42] [INFO] Plugin initialized
[2026-02-07 09:21:32] [INFO] Plugin initialized
[2026-02-07 09:21:34] [INFO] Plugin initialized
[2026-02-07 09:21:40] [INFO] Plugin initialized
[2026-02-07 09:21:42] [INFO] Plugin initialized
[2026-02-07 09:23:33] [INFO] Plugin initialized
[2026-02-07 09:23:35] [INFO] Plugin initialized
[2026-02-07 09:23:40] [INFO] Plugin initialized
[2026-02-07 09:23:42] [INFO] Plugin initialized
[2026-02-07 09:25:16] [INFO] Plugin initialized
[2026-02-07 09:25:18] [INFO] Plugin initialized
[2026-02-07 09:25:41] [INFO] Plugin initialized
[2026-02-07 09:25:42] [INFO] Plugin initialized
[2026-02-07 09:26:14] [INFO] Plugin initialized
[2026-02-07 09:26:16] [INFO] Plugin initialized
[2026-02-07 09:27:41] [INFO] Plugin initialized
[2026-02-07 09:27:43] [INFO] Plugin initialized
[2026-02-07 09:28:14] [INFO] Plugin initialized
[2026-02-07 09:28:16] [INFO] Plugin initialized
[2026-02-07 09:29:15] [INFO] Plugin initialized
[2026-02-07 09:29:16] [INFO] Plugin initialized
[2026-02-07 09:29:27] [INFO] Plugin initialized
[2026-02-07 09:29:47] [INFO] Plugin initialized
[2026-02-07 09:29:51] [INFO] Plugin initialized
[2026-02-07 09:30:30] [INFO] Plugin initialized
[2026-02-07 09:30:32] [INFO] Plugin initialized
[2026-02-07 09:31:29] [INFO] Plugin initialized
[2026-02-07 09:31:31] [INFO] Plugin initialized
[2026-02-07 09:31:41] [INFO] Plugin initialized
[2026-02-07 09:31:42] [INFO] Plugin initialized
[2026-02-07 09:33:32] [INFO] Plugin initialized
[2026-02-07 09:33:34] [INFO] Plugin initialized
[2026-02-07 09:33:41] [INFO] Plugin initialized
[2026-02-07 09:33:42] [INFO] Plugin initialized
[2026-02-07 09:35:31] [INFO] Plugin initialized
[2026-02-07 09:35:32] [INFO] Plugin initialized
[2026-02-07 09:35:41] [INFO] Plugin initialized
[2026-02-07 09:35:42] [INFO] Plugin initialized
[2026-02-07 09:37:29] [INFO] Plugin initialized
[2026-02-07 09:37:31] [INFO] Plugin initialized
[2026-02-07 09:37:41] [INFO] Plugin initialized
[2026-02-07 09:37:42] [INFO] Plugin initialized
[2026-02-07 09:38:29] [INFO] Plugin initialized
[2026-02-07 09:38:31] [INFO] Plugin initialized
[2026-02-07 10:21:50] [INFO] Plugin initialized
[2026-02-07 10:21:54] [INFO] Plugin initialized
[2026-02-07 10:23:46] [INFO] Plugin initialized
[2026-02-07 10:23:48] [INFO] Plugin initialized
[2026-02-07 10:25:46] [INFO] Plugin initialized
[2026-02-07 10:25:47] [INFO] Plugin initialized
[2026-02-07 10:26:52] [INFO] Plugin initialized
[2026-02-07 10:26:54] [INFO] Plugin initialized
[2026-02-07 10:27:45] [INFO] Plugin initialized
[2026-02-07 10:27:47] [INFO] Plugin initialized
[2026-02-07 10:27:52] [INFO] Plugin initialized
[2026-02-07 10:27:53] [INFO] Plugin initialized
[2026-02-07 10:29:45] [INFO] Plugin initialized
[2026-02-07 10:29:47] [INFO] Plugin initialized
[2026-02-07 10:29:52] [INFO] Plugin initialized
[2026-02-07 10:29:53] [INFO] Plugin initialized
[2026-02-07 10:30:53] [INFO] Plugin initialized
[2026-02-07 10:30:54] [INFO] Plugin initialized
[2026-02-07 10:33:46] [INFO] Plugin initialized
[2026-02-07 10:33:49] [INFO] Plugin initialized
[2026-02-07 10:33:57] [INFO] Plugin initialized
[2026-02-07 10:33:58] [INFO] Plugin initialized
[2026-02-07 10:35:11] [INFO] Plugin initialized
[2026-02-07 10:35:13] [INFO] Plugin initialized
[2026-02-07 10:35:47] [INFO] Plugin initialized
[2026-02-07 10:35:50] [INFO] Plugin initialized
[2026-02-07 10:36:59] [INFO] Plugin initialized
[2026-02-07 10:37:01] [INFO] Plugin initialized
[2026-02-07 10:37:46] [INFO] Plugin initialized
[2026-02-07 10:37:47] [INFO] Plugin initialized
[2026-02-07 10:38:58] [INFO] Plugin initialized
[2026-02-07 10:38:59] [INFO] Plugin initialized
[2026-02-07 10:39:46] [INFO] Plugin initialized
[2026-02-07 10:39:47] [INFO] Plugin initialized
[2026-02-07 10:40:59] [INFO] Plugin initialized
[2026-02-07 10:41:00] [INFO] Plugin initialized
[2026-02-07 10:41:58] [INFO] Plugin initialized
[2026-02-07 10:42:00] [INFO] Plugin initialized
[2026-02-07 10:43:48] [INFO] Plugin initialized
[2026-02-07 10:43:49] [INFO] Plugin initialized
[2026-02-07 10:43:58] [INFO] Plugin initialized
[2026-02-07 10:43:59] [INFO] Plugin initialized
[2026-02-07 10:45:47] [INFO] Plugin initialized
[2026-02-07 10:45:49] [INFO] Plugin initialized
[2026-02-07 10:45:57] [INFO] Plugin initialized
[2026-02-07 10:45:59] [INFO] Plugin initialized
[2026-02-07 10:46:58] [INFO] Plugin initialized
[2026-02-07 10:47:00] [INFO] Plugin initialized
[2026-02-07 10:47:48] [INFO] Plugin initialized
[2026-02-07 10:47:49] [INFO] Plugin initialized
[2026-02-07 10:47:59] [INFO] Plugin initialized
[2026-02-07 10:48:00] [INFO] Plugin initialized
[2026-02-07 10:49:17] [INFO] Plugin initialized
[2026-02-07 10:49:19] [INFO] Plugin initialized
[2026-02-07 10:49:47] [INFO] Plugin initialized
[2026-02-07 10:49:48] [INFO] Plugin initialized
[2026-02-07 10:50:17] [INFO] Plugin initialized
[2026-02-07 10:50:19] [INFO] Plugin initialized
[2026-02-07 10:51:47] [INFO] Plugin initialized
[2026-02-07 10:51:49] [INFO] Plugin initialized
[2026-02-07 10:52:17] [INFO] Plugin initialized
[2026-02-07 10:52:18] [INFO] Plugin initialized
[2026-02-07 10:53:47] [INFO] Plugin initialized
[2026-02-07 10:53:49] [INFO] Plugin initialized
[2026-02-07 10:54:17] [INFO] Plugin initialized
[2026-02-07 10:54:19] [INFO] Plugin initialized
[2026-02-07 10:55:47] [INFO] Plugin initialized
[2026-02-07 10:55:49] [INFO] Plugin initialized
[2026-02-07 10:56:17] [INFO] Plugin initialized
[2026-02-07 10:56:18] [INFO] Plugin initialized
[2026-02-07 10:57:48] [INFO] Plugin initialized
[2026-02-07 10:57:49] [INFO] Plugin initialized
[2026-02-07 10:58:17] [INFO] Plugin initialized
[2026-02-07 10:58:18] [INFO] Plugin initialized
[2026-02-07 10:59:48] [INFO] Plugin initialized
[2026-02-07 10:59:50] [INFO] Plugin initialized
[2026-02-07 11:01:47] [INFO] Plugin initialized
[2026-02-07 11:01:49] [INFO] Plugin initialized
[2026-02-07 11:03:48] [INFO] Plugin initialized
[2026-02-07 11:03:49] [INFO] Plugin initialized
[2026-02-07 11:06:04] [INFO] Plugin initialized
[2026-02-07 11:06:06] [INFO] Plugin initialized
[2026-02-07 11:07:48] [INFO] Plugin initialized
[2026-02-07 11:07:49] [INFO] Plugin initialized
[2026-02-07 11:09:48] [INFO] Plugin initialized
[2026-02-07 11:09:50] [INFO] Plugin initialized
[2026-02-07 11:11:47] [INFO] Plugin initialized
[2026-02-07 11:11:49] [INFO] Plugin initialized
[2026-02-07 11:13:40] [INFO] Plugin initialized
[2026-02-07 11:13:42] [INFO] Plugin initialized
[2026-02-07 11:13:47] [INFO] Plugin initialized
[2026-02-07 11:13:48] [INFO] Plugin initialized
[2026-02-07 11:14:39] [INFO] Plugin initialized
[2026-02-07 11:14:41] [INFO] Plugin initialized
[2026-02-07 11:15:40] [INFO] Plugin initialized
[2026-02-07 11:15:41] [INFO] Plugin initialized
[2026-02-07 11:15:47] [INFO] Plugin initialized
[2026-02-07 11:15:48] [INFO] Plugin initialized
[2026-02-07 11:16:54] [INFO] Plugin initialized
[2026-02-07 11:16:56] [INFO] Plugin initialized
[2026-02-07 11:17:47] [INFO] Plugin initialized
[2026-02-07 11:17:49] [INFO] Plugin initialized
[2026-02-07 11:17:54] [INFO] Plugin initialized
[2026-02-07 11:17:55] [INFO] Plugin initialized
[2026-02-07 11:18:54] [INFO] Plugin initialized
[2026-02-07 11:18:56] [INFO] Plugin initialized
[2026-02-07 11:19:47] [INFO] Plugin initialized
[2026-02-07 11:19:49] [INFO] Plugin initialized
[2026-02-07 11:19:54] [INFO] Plugin initialized
[2026-02-07 11:19:55] [INFO] Plugin initialized
[2026-02-07 11:21:47] [INFO] Plugin initialized
[2026-02-07 11:21:49] [INFO] Plugin initialized
[2026-02-07 11:21:54] [INFO] Plugin initialized
[2026-02-07 11:21:55] [INFO] Plugin initialized
[2026-02-07 11:23:48] [INFO] Plugin initialized
[2026-02-07 11:23:50] [INFO] Plugin initialized
[2026-02-07 11:23:54] [INFO] Plugin initialized
[2026-02-07 11:23:55] [INFO] Plugin initialized
[2026-02-07 11:25:49] [INFO] Plugin initialized
[2026-02-07 11:25:52] [INFO] Plugin initialized
[2026-02-07 11:25:54] [INFO] Plugin initialized
[2026-02-07 11:25:56] [INFO] Plugin initialized
[2026-02-07 11:27:48] [INFO] Plugin initialized
[2026-02-07 11:27:50] [INFO] Plugin initialized
[2026-02-07 11:27:54] [INFO] Plugin initialized
[2026-02-07 11:27:55] [INFO] Plugin initialized
[2026-02-07 11:31:49] [INFO] Plugin initialized
[2026-02-07 11:31:50] [INFO] Plugin initialized
[2026-02-07 11:33:48] [INFO] Plugin initialized
[2026-02-07 11:33:50] [INFO] Plugin initialized
[2026-02-07 11:35:48] [INFO] Plugin initialized
[2026-02-07 11:35:49] [INFO] Plugin initialized
[2026-02-07 11:37:08] [INFO] Plugin initialized
[2026-02-07 11:37:14] [INFO] Plugin initialized
[2026-02-07 11:37:53] [INFO] Plugin initialized
[2026-02-07 11:37:57] [INFO] Plugin initialized
[2026-02-07 11:38:09] [INFO] Plugin initialized
[2026-02-07 11:38:18] [INFO] Plugin initialized
[2026-02-07 11:39:08] [INFO] Plugin initialized
[2026-02-07 11:39:11] [INFO] Plugin initialized
[2026-02-07 11:39:57] [INFO] Plugin initialized
[2026-02-07 11:40:09] [INFO] Plugin initialized
[2026-02-07 11:41:07] [INFO] Plugin initialized
[2026-02-07 11:41:09] [INFO] Plugin initialized
[2026-02-07 11:41:47] [INFO] Plugin initialized
[2026-02-07 11:41:50] [INFO] Plugin initialized
[2026-02-07 11:43:07] [INFO] Plugin initialized
[2026-02-07 11:43:10] [INFO] Plugin initialized
[2026-02-07 11:43:47] [INFO] Plugin initialized
[2026-02-07 11:43:50] [INFO] Plugin initialized
[2026-02-07 11:45:06] [INFO] Plugin initialized
[2026-02-07 11:45:08] [INFO] Plugin initialized
[2026-02-07 11:45:50] [INFO] Plugin initialized
[2026-02-07 11:45:52] [INFO] Plugin initialized
[2026-02-07 11:47:06] [INFO] Plugin initialized
[2026-02-07 11:47:07] [INFO] Plugin initialized
[2026-02-07 11:47:47] [INFO] Plugin initialized
[2026-02-07 11:47:49] [INFO] Plugin initialized
[2026-02-07 11:48:04] [INFO] Plugin initialized
[2026-02-07 11:48:06] [INFO] Plugin initialized
[2026-02-07 11:49:45] [INFO] Plugin initialized
[2026-02-07 11:49:53] [INFO] Plugin initialized
[2026-02-07 11:49:53] [INFO] Plugin initialized
[2026-02-07 11:50:43] [INFO] Plugin initialized
[2026-02-07 11:50:45] [INFO] Plugin initialized
[2026-02-07 11:51:50] [INFO] Plugin initialized
[2026-02-07 11:51:52] [INFO] Plugin initialized
[2026-02-07 11:52:45] [INFO] Plugin initialized
[2026-02-07 11:52:47] [INFO] Plugin initialized
[2026-02-07 11:53:50] [INFO] Plugin initialized
[2026-02-07 11:53:53] [INFO] Plugin initialized
[2026-02-07 11:55:44] [INFO] Plugin initialized
[2026-02-07 11:55:45] [INFO] Plugin initialized
[2026-02-07 11:55:47] [INFO] Plugin initialized
[2026-02-07 11:55:50] [INFO] Plugin initialized
[2026-02-07 11:57:06] [INFO] Plugin initialized
[2026-02-07 11:57:08] [INFO] Plugin initialized
[2026-02-07 11:57:51] [INFO] Plugin initialized
[2026-02-07 11:57:58] [INFO] Plugin initialized
[2026-02-07 11:58:05] [INFO] Plugin initialized
[2026-02-07 11:58:06] [INFO] Plugin initialized
[2026-02-07 11:59:49] [INFO] Plugin initialized
[2026-02-07 11:59:52] [INFO] Plugin initialized
[2026-02-07 12:00:10] [INFO] Plugin initialized
[2026-02-07 12:00:14] [INFO] Plugin initialized
[2026-02-07 12:01:08] [INFO] Plugin initialized
[2026-02-07 12:01:13] [INFO] Plugin initialized
[2026-02-07 12:01:48] [INFO] Plugin initialized
[2026-02-07 12:01:49] [INFO] Plugin initialized
[2026-02-07 12:02:05] [INFO] Plugin initialized
[2026-02-07 12:02:07] [INFO] Plugin initialized
[2026-02-07 12:03:43] [INFO] Plugin initialized
[2026-02-07 12:03:46] [INFO] Plugin initialized
[2026-02-07 12:03:48] [INFO] Plugin initialized
[2026-02-07 12:03:49] [INFO] Plugin initialized
[2026-02-07 12:04:47] [INFO] Plugin initialized
[2026-02-07 12:04:53] [INFO] Plugin initialized
[2026-02-07 12:05:44] [INFO] Plugin initialized
[2026-02-07 12:05:46] [INFO] Plugin initialized
[2026-02-07 12:05:47] [INFO] Plugin initialized
[2026-02-07 12:05:48] [INFO] Plugin initialized
[2026-02-07 12:07:25] [INFO] Plugin initialized
[2026-02-07 12:07:27] [INFO] Plugin initialized
[2026-02-07 12:07:48] [INFO] Plugin initialized
[2026-02-07 12:07:51] [INFO] Plugin initialized
[2026-02-07 12:08:25] [INFO] Plugin initialized
[2026-02-07 12:08:27] [INFO] Plugin initialized
[2026-02-07 12:09:25] [INFO] Plugin initialized
[2026-02-07 12:09:27] [INFO] Plugin initialized
[2026-02-07 12:09:48] [INFO] Plugin initialized
[2026-02-07 12:09:49] [INFO] Plugin initialized
[2026-02-07 12:11:27] [INFO] Plugin initialized
[2026-02-07 12:11:29] [INFO] Plugin initialized
[2026-02-07 12:11:48] [INFO] Plugin initialized
[2026-02-07 12:11:51] [INFO] Plugin initialized
[2026-02-07 12:12:25] [INFO] Plugin initialized
[2026-02-07 12:12:27] [INFO] Plugin initialized
[2026-02-07 12:13:26] [INFO] Plugin initialized
[2026-02-07 12:13:27] [INFO] Plugin initialized
[2026-02-07 12:13:47] [INFO] Plugin initialized
[2026-02-07 12:13:49] [INFO] Plugin initialized
[2026-02-07 12:15:26] [INFO] Plugin initialized
[2026-02-07 12:15:28] [INFO] Plugin initialized
[2026-02-07 12:15:48] [INFO] Plugin initialized
[2026-02-07 12:15:50] [INFO] Plugin initialized
[2026-02-07 12:16:25] [INFO] Plugin initialized
[2026-02-07 12:16:27] [INFO] Plugin initialized
[2026-02-07 12:17:48] [INFO] Plugin initialized
[2026-02-07 12:17:50] [INFO] Plugin initialized
[2026-02-07 12:18:25] [INFO] Plugin initialized
[2026-02-07 12:18:27] [INFO] Plugin initialized
[2026-02-07 12:19:49] [INFO] Plugin initialized
[2026-02-07 12:19:51] [INFO] Plugin initialized
[2026-02-07 12:20:25] [INFO] Plugin initialized
[2026-02-07 12:20:27] [INFO] Plugin initialized
[2026-02-07 12:21:49] [INFO] Plugin initialized
[2026-02-07 12:21:51] [INFO] Plugin initialized
[2026-02-07 12:22:25] [INFO] Plugin initialized
[2026-02-07 12:22:27] [INFO] Plugin initialized
[2026-02-07 12:23:49] [INFO] Plugin initialized
[2026-02-07 12:23:51] [INFO] Plugin initialized
[2026-02-07 12:24:13] [INFO] Plugin initialized
[2026-02-07 12:24:15] [INFO] Plugin initialized
[2026-02-07 12:25:14] [INFO] Plugin initialized
[2026-02-07 12:25:17] [INFO] Plugin initialized
[2026-02-07 12:25:48] [INFO] Plugin initialized
[2026-02-07 12:25:50] [INFO] Plugin initialized
[2026-02-07 12:26:43] [INFO] Plugin initialized
[2026-02-07 12:26:45] [INFO] Plugin initialized
[2026-02-07 12:27:43] [INFO] Plugin initialized
[2026-02-07 12:27:44] [INFO] Plugin initialized
[2026-02-07 12:27:48] [INFO] Plugin initialized
[2026-02-07 12:27:49] [INFO] Plugin initialized
[2026-02-07 12:28:44] [INFO] Plugin initialized
[2026-02-07 12:28:46] [INFO] Plugin initialized
[2026-02-07 12:29:43] [INFO] Plugin initialized
[2026-02-07 12:29:44] [INFO] Plugin initialized
[2026-02-07 12:29:48] [INFO] Plugin initialized
[2026-02-07 12:29:49] [INFO] Plugin initialized
[2026-02-07 12:30:44] [INFO] Plugin initialized
[2026-02-07 12:30:45] [INFO] Plugin initialized
[2026-02-07 12:31:49] [INFO] Plugin initialized
[2026-02-07 12:31:51] [INFO] Plugin initialized
[2026-02-07 12:31:53] [INFO] Plugin initialized
[2026-02-07 12:31:54] [INFO] Plugin initialized
[2026-02-07 12:32:55] [INFO] Plugin initialized
[2026-02-07 12:32:56] [INFO] Plugin initialized
[2026-02-07 12:33:48] [INFO] Plugin initialized
[2026-02-07 12:33:50] [INFO] Plugin initialized
[2026-02-07 12:34:54] [INFO] Plugin initialized
[2026-02-07 12:34:56] [INFO] Plugin initialized
[2026-02-07 12:35:48] [INFO] Plugin initialized
[2026-02-07 12:35:50] [INFO] Plugin initialized
[2026-02-07 12:36:54] [INFO] Plugin initialized
[2026-02-07 12:36:56] [INFO] Plugin initialized
[2026-02-07 12:37:48] [INFO] Plugin initialized
[2026-02-07 12:37:50] [INFO] Plugin initialized
[2026-02-07 12:38:55] [INFO] Plugin initialized
[2026-02-07 12:38:57] [INFO] Plugin initialized
[2026-02-07 12:39:48] [INFO] Plugin initialized
[2026-02-07 12:39:50] [INFO] Plugin initialized
[2026-02-07 12:40:58] [INFO] Plugin initialized
[2026-02-07 12:41:01] [INFO] Plugin initialized
[2026-02-07 12:41:49] [INFO] Plugin initialized
[2026-02-07 12:41:50] [INFO] Plugin initialized
[2026-02-07 12:42:24] [INFO] Plugin initialized
[2026-02-07 12:42:25] [INFO] Plugin initialized
[2026-02-07 12:43:23] [INFO] Plugin initialized
[2026-02-07 12:43:25] [INFO] Plugin initialized
[2026-02-07 12:43:48] [INFO] Plugin initialized
[2026-02-07 12:43:49] [INFO] Plugin initialized
[2026-02-07 12:45:23] [INFO] Plugin initialized
[2026-02-07 12:45:25] [INFO] Plugin initialized
[2026-02-07 12:45:48] [INFO] Plugin initialized
[2026-02-07 12:45:49] [INFO] Plugin initialized
[2026-02-07 12:47:23] [INFO] Plugin initialized
[2026-02-07 12:47:25] [INFO] Plugin initialized
[2026-02-07 12:47:48] [INFO] Plugin initialized
[2026-02-07 12:47:49] [INFO] Plugin initialized
[2026-02-07 12:48:24] [INFO] Plugin initialized
[2026-02-07 12:48:28] [INFO] Plugin initialized
[2026-02-07 12:49:24] [INFO] Plugin initialized
[2026-02-07 12:49:26] [INFO] Plugin initialized
[2026-02-07 12:49:48] [INFO] Plugin initialized
[2026-02-07 12:49:49] [INFO] Plugin initialized
[2026-02-07 12:51:23] [INFO] Plugin initialized
[2026-02-07 12:51:25] [INFO] Plugin initialized
[2026-02-07 12:51:48] [INFO] Plugin initialized
[2026-02-07 12:51:49] [INFO] Plugin initialized
[2026-02-07 12:52:28] [INFO] Plugin initialized
[2026-02-07 12:52:29] [INFO] Plugin initialized
[2026-02-07 12:53:29] [INFO] Plugin initialized
[2026-02-07 12:53:30] [INFO] Plugin initialized
[2026-02-07 12:53:48] [INFO] Plugin initialized
[2026-02-07 12:53:50] [INFO] Plugin initialized
[2026-02-07 12:55:32] [INFO] Plugin initialized
[2026-02-07 12:55:34] [INFO] Plugin initialized
[2026-02-07 12:55:48] [INFO] Plugin initialized
[2026-02-07 12:55:50] [INFO] Plugin initialized
[2026-02-07 12:57:29] [INFO] Plugin initialized
[2026-02-07 12:57:30] [INFO] Plugin initialized
[2026-02-07 12:57:49] [INFO] Plugin initialized
[2026-02-07 12:57:52] [INFO] Plugin initialized
[2026-02-07 12:59:29] [INFO] Plugin initialized
[2026-02-07 12:59:31] [INFO] Plugin initialized
[2026-02-07 12:59:49] [INFO] Plugin initialized
[2026-02-07 12:59:51] [INFO] Plugin initialized
[2026-02-07 13:01:29] [INFO] Plugin initialized
[2026-02-07 13:01:31] [INFO] Plugin initialized
[2026-02-07 13:01:48] [INFO] Plugin initialized
[2026-02-07 13:01:50] [INFO] Plugin initialized
[2026-02-07 13:03:25] [INFO] Plugin initialized
[2026-02-07 13:03:26] [INFO] Plugin initialized
[2026-02-07 13:03:49] [INFO] Plugin initialized
[2026-02-07 13:03:51] [INFO] Plugin initialized
[2026-02-07 13:04:25] [INFO] Plugin initialized
[2026-02-07 13:04:26] [INFO] Plugin initialized
[2026-02-07 13:05:27] [INFO] Plugin initialized
[2026-02-07 13:05:30] [INFO] Plugin initialized
[2026-02-07 13:05:48] [INFO] Plugin initialized
[2026-02-07 13:05:50] [INFO] Plugin initialized
[2026-02-07 13:07:25] [INFO] Plugin initialized
[2026-02-07 13:07:27] [INFO] Plugin initialized
[2026-02-07 13:07:48] [INFO] Plugin initialized
[2026-02-07 13:07:49] [INFO] Plugin initialized
[2026-02-07 13:09:25] [INFO] Plugin initialized
[2026-02-07 13:09:27] [INFO] Plugin initialized
[2026-02-07 13:09:48] [INFO] Plugin initialized
[2026-02-07 13:09:49] [INFO] Plugin initialized
[2026-02-07 13:11:25] [INFO] Plugin initialized
[2026-02-07 13:11:26] [INFO] Plugin initialized
[2026-02-07 13:11:48] [INFO] Plugin initialized
[2026-02-07 13:11:50] [INFO] Plugin initialized
[2026-02-07 13:13:25] [INFO] Plugin initialized
[2026-02-07 13:13:26] [INFO] Plugin initialized
[2026-02-07 13:13:49] [INFO] Plugin initialized
[2026-02-07 13:13:52] [INFO] Plugin initialized
[2026-02-07 13:15:49] [INFO] Plugin initialized
[2026-02-07 13:15:51] [INFO] Plugin initialized
[2026-02-07 13:17:49] [INFO] Plugin initialized
[2026-02-07 13:17:51] [INFO] Plugin initialized
[2026-02-07 13:19:49] [INFO] Plugin initialized
[2026-02-07 13:19:51] [INFO] Plugin initialized
[2026-02-07 13:21:50] [INFO] Plugin initialized
[2026-02-07 13:21:52] [INFO] Plugin initialized
[2026-02-07 13:23:49] [INFO] Plugin initialized
[2026-02-07 13:23:52] [INFO] Plugin initialized
[2026-02-07 13:25:51] [INFO] Plugin initialized
[2026-02-07 13:25:53] [INFO] Plugin initialized
[2026-02-07 13:27:49] [INFO] Plugin initialized
[2026-02-07 13:27:51] [INFO] Plugin initialized
[2026-02-07 13:29:49] [INFO] Plugin initialized
[2026-02-07 13:29:50] [INFO] Plugin initialized
[2026-02-07 13:31:51] [INFO] Plugin initialized
[2026-02-07 13:31:53] [INFO] Plugin initialized
[2026-02-07 13:33:49] [INFO] Plugin initialized
[2026-02-07 13:33:52] [INFO] Plugin initialized
[2026-02-07 13:35:49] [INFO] Plugin initialized
[2026-02-07 13:35:51] [INFO] Plugin initialized
[2026-02-07 13:37:49] [INFO] Plugin initialized
[2026-02-07 13:37:51] [INFO] Plugin initialized
[2026-02-07 13:39:49] [INFO] Plugin initialized
[2026-02-07 13:39:50] [INFO] Plugin initialized
[2026-02-07 13:41:49] [INFO] Plugin initialized
[2026-02-07 13:41:51] [INFO] Plugin initialized
[2026-02-07 13:43:49] [INFO] Plugin initialized
[2026-02-07 13:43:50] [INFO] Plugin initialized
[2026-02-07 13:45:49] [INFO] Plugin initialized
[2026-02-07 13:45:51] [INFO] Plugin initialized
[2026-02-07 13:47:50] [INFO] Plugin initialized
[2026-02-07 13:47:51] [INFO] Plugin initialized
[2026-02-07 13:49:50] [INFO] Plugin initialized
[2026-02-07 13:49:51] [INFO] Plugin initialized
[2026-02-07 13:51:50] [INFO] Plugin initialized
[2026-02-07 13:51:51] [INFO] Plugin initialized
[2026-02-07 13:53:49] [INFO] Plugin initialized
[2026-02-07 13:53:51] [INFO] Plugin initialized
[2026-02-07 13:55:49] [INFO] Plugin initialized
[2026-02-07 13:55:51] [INFO] Plugin initialized
[2026-02-07 13:57:50] [INFO] Plugin initialized
[2026-02-07 13:57:53] [INFO] Plugin initialized
[2026-02-07 13:59:49] [INFO] Plugin initialized
[2026-02-07 13:59:51] [INFO] Plugin initialized
[2026-02-07 17:00:56] [INFO] Plugin initialized
[2026-02-07 17:00:58] [INFO] Plugin initialized
[2026-02-08 17:03:58] [INFO] Plugin initialized
[2026-02-08 17:04:01] [INFO] Plugin initialized
[2026-02-08 17:04:01] [INFO] Plugin initialized
[2026-02-08 17:04:02] [INFO] Assets enqueued for booking form
[2026-02-08 17:04:03] [INFO] Booking form rendered with theme: blue
[2026-02-08 17:04:22] [INFO] Plugin initialized
[2026-02-08 17:05:12] [INFO] Plugin initialized
[2026-02-08 17:05:13] [INFO] [TB Session] Saved service: Array
[2026-02-08 17:05:13] [INFO] Plugin initialized
[2026-02-08 17:05:14] [INFO] Plugin initialized
[2026-02-08 17:05:20] [INFO] Plugin initialized
[2026-02-08 17:05:20] [INFO] [TB Session] Saved therapist: Array
[2026-02-08 17:05:21] [INFO] Plugin initialized
[2026-02-08 17:05:22] [INFO] [TB AJAX] === Availability Request Received ===
[2026-02-08 17:05:22] [INFO] [TB AJAX] POST data: Array
(
    [action] => tb_get_therapist_availability
    [therapist] => {\"id\":18,\"name\":\"Taner Mete\",\"image\":\"https://hypnova.ch/stargazer/wp-content/uploads/2024/02/2023_05_26_Ayla_Newborn_web-146.jpg\",\"rating\":\"\"}
    [nonce] => 80f10a270b
)

[2026-02-08 17:05:22] [INFO] [TB AJAX] POST Therapist Data: {\"id\":18,\"name\":\"Taner Mete\",\"image\":\"https://hypnova.ch/stargazer/wp-content/uploads/2024/02/2023_05_26_Ayla_Newborn_web-146.jpg\",\"rating\":\"\"}
[2026-02-08 17:05:22] [INFO] [TB AJAX] ✓ Nonce verified successfully
[2026-02-08 17:05:22] [INFO] [TB AJAX] POST Data - tb_therapist: Array
[2026-02-08 17:05:22] [INFO] [TB AJAX] ✓ Amelia integration file loaded
[2026-02-08 17:05:22] [INFO] [TB AJAX] Fetching availability for therapist ID: 18
[2026-02-08 17:05:22] [INFO] === Starting availability fetch for therapist ID: 18 ===
[2026-02-08 17:05:22] [INFO] Calling Amelia API...
[2026-02-08 17:05:22] [INFO] Date range: 2026-02-08 to 2027-02-08
[2026-02-08 17:05:22] [INFO] API URL: https://hypnova.ch/stargazer/wp-admin/admin-ajax.php?action=wpamelia_api&call=/slots&startDateTime=2026-02-08&endDateTime=2027-02-08&monthsLoad=1&locationId=1&serviceId=84&serviceDuration=7200&providerIds[]=18&extras=[]&group=1&page=booking&structured=true&persons=1
[2026-02-08 17:05:23] [INFO] Plugin initialized
[2026-02-08 17:05:25] [INFO] Plugin initialized
[2026-02-08 17:05:27] [INFO] Response code: 200
[2026-02-08 17:05:27] [SUCCESS] Response received, length: 31169 bytes
[2026-02-08 17:05:27] [SUCCESS] JSON decoded successfully
[2026-02-08 17:05:27] [INFO] Data keys: minimum, maximum, slots, occupied, busyness, lastProvider, appCount, duration
[2026-02-08 17:05:27] [SUCCESS] API call successful!
[2026-02-08 17:05:27] [INFO] === Starting to parse API response ===
[2026-02-08 17:05:27] [INFO] Available dates with free slots: 219
[2026-02-08 17:05:27] [INFO] Dates with occupied slots: 32
[2026-02-08 17:05:27] [INFO] Sample - 2026-02-17: 15:30
[2026-02-08 17:05:27] [INFO] Sample - 2026-03-09: 16:30
[2026-02-08 17:05:27] [INFO] Sample - 2026-03-10: 14:30, 17:00
[2026-02-08 17:05:27] [INFO] Processing availability data...
[2026-02-08 17:05:27] [INFO] Total dates in range: 366
[2026-02-08 17:05:27] [SUCCESS] Processed all dates
[2026-02-08 17:05:27] [SUCCESS] === Parsing complete ===
[2026-02-08 17:05:27] [INFO] Disabled dates: 125
[2026-02-08 17:05:27] [INFO] Booked dates: 22
[2026-02-08 17:05:27] [INFO] Available dates: 219
[2026-02-08 17:05:27] [INFO] Dates with available slots: 219
[2026-02-08 17:05:27] [INFO] [TB AJAX] ✓ Availability data retrieved successfully
[2026-02-08 17:05:27] [INFO] [TB AJAX] Data summary: {"disabled_dates":125,"booked_dates":22,"available_dates":219,"timeslot_dates":219}
[2026-02-08 17:06:55] [INFO] Plugin initialized
[2026-02-08 17:06:56] [INFO] [TB Session] Saved datetime: Array
[2026-02-08 17:06:57] [INFO] Plugin initialized
[2026-02-08 17:09:19] [INFO] Plugin initialized
[2026-02-08 17:09:19] [INFO] [TB Session] Saved datetime: Array
[2026-02-08 17:09:20] [INFO] Plugin initialized
[2026-02-08 17:13:32] [INFO] Plugin initialized
[2026-02-08 17:13:32] [INFO] [TB Session] Saved datetime: Array
[2026-02-08 17:13:34] [INFO] Plugin initialized
[2026-02-08 17:14:05] [INFO] Plugin initialized
[2026-02-08 17:14:06] [INFO] [TB Session] Attempting to create appointment with data:
Service: Array
(
    [id] => 84
    [name] => Erstsitzung
)

Therapist: Array
(
    [id] => 18
    [name] => Taner Mete
    [image] => https://hypnova.ch/stargazer/wp-content/uploads/2024/02/2023_05_26_Ayla_Newborn_web-146.jpg
    [rating] => 
)

Datetime: Array
(
    [id] => 
    [block] => Array
        (
            [0] => 2027-01-12
            [1] => 2027-01-13
            [2] => 2027-01-14
        )

    [selections] => Array
        (
            [0] => Array
                (
                    [date] => 2027-01-12
                    [time] => 12:00 PM
                    [timestamp] => 1799744400000
                    [fullDateTime] => 2027-01-12 12:00 PM
                )

            [1] => Array
                (
                    [date] => 2027-01-13
                    [time] => 12:00 PM
                    [timestamp] => 1799830800000
                    [fullDateTime] => 2027-01-13 12:00 PM
                )

            [2] => Array
                (
                    [date] => 2027-01-14
                    [time] => 12:00 PM
                    [timestamp] => 1799917200000
                    [fullDateTime] => 2027-01-14 12:00 PM
                )

        )

    [timestamp] => 1770552809447
)

User Info: Array
(
    [name] => test test
    [email] => test@gmail.com
    [phone] => 234234
    [notes] => Custom Appointment
    [first_name] => test
    [last_name] => test
    [address] => dfs
)

[2026-02-08 17:14:06] [info] === Starting Amelia Appointment Creation ===
[2026-02-08 17:14:06] [success] Customer exists: 68
[2026-02-08 17:14:06] [info] Creating booking directly in database
[2026-02-08 17:14:06] [success] Appointment created with ID: 1638
[2026-02-08 17:14:06] [success] Customer booking created with ID: 1638
[2026-02-08 17:14:06] [info] Creating booking directly in database
[2026-02-08 17:14:06] [success] Appointment created with ID: 1639
[2026-02-08 17:14:06] [success] Customer booking created with ID: 1639
[2026-02-08 17:14:06] [info] Creating booking directly in database
[2026-02-08 17:14:06] [success] Appointment created with ID: 1640
[2026-02-08 17:14:06] [success] Customer booking created with ID: 1640
[2026-02-08 17:14:06] [success] === Appointment Creation Completed ===
[2026-02-08 17:14:06] [INFO] [TB Session] Appointment created successfully: Array
(
    [status] => confirmed
    [data] => Array
        (
            [message] => All appointments created successfully
            [bookings] => Array
                (
                    [0] => Array
                        (
                            [appointmentId] => 1638
                            [bookingId] => 1638
                            [status] => approved
                        )

                    [1] => Array
                        (
                            [appointmentId] => 1639
                            [bookingId] => 1639
                            [status] => approved
                        )

                    [2] => Array
                        (
                            [appointmentId] => 1640
                            [bookingId] => 1640
                            [status] => approved
                        )

                )

            [customerId] => 68
            [totalBooked] => 3
        )

)

[2026-02-08 17:14:07] [INFO] Plugin initialized
[2026-02-08 17:14:21] [INFO] Plugin initialized
[2026-02-08 17:14:22] [INFO] Assets enqueued for booking form
[2026-02-08 17:14:23] [INFO] Booking form rendered with theme: blue
[2026-02-08 17:14:24] [INFO] Plugin initialized
[2026-02-08 17:16:05] [INFO] Plugin initialized
[2026-02-08 17:16:06] [INFO] Plugin initialized
[2026-02-08 17:16:08] [INFO] Plugin initialized
[2026-02-08 17:16:11] [INFO] Plugin initialized
[2026-02-08 17:16:12] [INFO] [TB AJAX] === Availability Request Received ===
[2026-02-08 17:16:12] [INFO] [TB AJAX] POST data: Array
(
    [action] => tb_get_therapist_availability
    [nonce] => fae7a156fc
)

[2026-02-08 17:16:12] [INFO] [TB AJAX] POST Therapist Data: NOT SET
[2026-02-08 17:16:12] [INFO] [TB AJAX] ✗ Nonce verification failed
[2026-02-08 17:16:12] [INFO] [TB AJAX] Nonce received: fae7a156fc
[2026-02-08 17:16:12] [INFO] Plugin initialized
[2026-02-08 17:16:14] [INFO] Plugin initialized
[2026-02-08 17:16:18] [INFO] Plugin initialized
[2026-02-08 17:16:18] [INFO] Assets enqueued for booking form
[2026-02-08 17:16:19] [INFO] Booking form rendered with theme: blue
[2026-02-08 17:16:20] [INFO] Plugin initialized
[2026-02-08 17:16:27] [INFO] Plugin initialized
[2026-02-08 17:16:29] [INFO] Plugin initialized
[2026-02-08 17:16:30] [INFO] [TB Session] Saved service: Array
[2026-02-08 17:16:30] [INFO] Plugin initialized
[2026-02-08 17:16:37] [INFO] Plugin initialized
[2026-02-08 17:16:38] [INFO] [TB Session] Saved therapist: Array
[2026-02-08 17:16:38] [INFO] Plugin initialized
[2026-02-08 17:16:38] [INFO] [TB AJAX] === Availability Request Received ===
[2026-02-08 17:16:38] [INFO] [TB AJAX] POST data: Array
(
    [action] => tb_get_therapist_availability
    [therapist] => {\"id\":18,\"name\":\"Taner Mete\",\"image\":\"https://hypnova.ch/stargazer/wp-content/uploads/2024/02/2023_05_26_Ayla_Newborn_web-146.jpg\",\"rating\":\"\"}
    [nonce] => 80f10a270b
)

[2026-02-08 17:16:38] [INFO] [TB AJAX] POST Therapist Data: {\"id\":18,\"name\":\"Taner Mete\",\"image\":\"https://hypnova.ch/stargazer/wp-content/uploads/2024/02/2023_05_26_Ayla_Newborn_web-146.jpg\",\"rating\":\"\"}
[2026-02-08 17:16:38] [INFO] [TB AJAX] ✓ Nonce verified successfully
[2026-02-08 17:16:38] [INFO] [TB AJAX] POST Data - tb_therapist: Array
[2026-02-08 17:16:38] [INFO] [TB AJAX] ✓ Amelia integration file loaded
[2026-02-08 17:16:38] [INFO] [TB AJAX] Fetching availability for therapist ID: 18
[2026-02-08 17:16:38] [INFO] === Starting availability fetch for therapist ID: 18 ===
[2026-02-08 17:16:38] [INFO] Calling Amelia API...
[2026-02-08 17:16:38] [INFO] Date range: 2026-02-08 to 2027-02-08
[2026-02-08 17:16:38] [INFO] API URL: https://hypnova.ch/stargazer/wp-admin/admin-ajax.php?action=wpamelia_api&call=/slots&startDateTime=2026-02-08&endDateTime=2027-02-08&monthsLoad=1&locationId=1&serviceId=84&serviceDuration=7200&providerIds[]=18&extras=[]&group=1&page=booking&structured=true&persons=1
[2026-02-08 17:16:40] [INFO] Plugin initialized
[2026-02-08 17:16:41] [INFO] Plugin initialized
[2026-02-08 17:16:42] [INFO] Response code: 200
[2026-02-08 17:16:42] [SUCCESS] Response received, length: 31269 bytes
[2026-02-08 17:16:42] [SUCCESS] JSON decoded successfully
[2026-02-08 17:16:42] [INFO] Data keys: minimum, maximum, slots, occupied, busyness, lastProvider, appCount, duration
[2026-02-08 17:16:42] [SUCCESS] API call successful!
[2026-02-08 17:16:42] [INFO] === Starting to parse API response ===
[2026-02-08 17:16:42] [INFO] Available dates with free slots: 219
[2026-02-08 17:16:42] [INFO] Dates with occupied slots: 35
[2026-02-08 17:16:42] [INFO] Sample - 2026-02-17: 15:30
[2026-02-08 17:16:42] [INFO] Sample - 2026-03-09: 16:30
[2026-02-08 17:16:42] [INFO] Sample - 2026-03-10: 14:30, 17:00
[2026-02-08 17:16:42] [INFO] Processing availability data...
[2026-02-08 17:16:42] [INFO] Total dates in range: 366
[2026-02-08 17:16:42] [SUCCESS] Processed all dates
[2026-02-08 17:16:42] [SUCCESS] === Parsing complete ===
[2026-02-08 17:16:42] [INFO] Disabled dates: 125
[2026-02-08 17:16:42] [INFO] Booked dates: 22
[2026-02-08 17:16:42] [INFO] Available dates: 219
[2026-02-08 17:16:42] [INFO] Dates with available slots: 219
[2026-02-08 17:16:42] [INFO] [TB AJAX] ✓ Availability data retrieved successfully
[2026-02-08 17:16:42] [INFO] [TB AJAX] Data summary: {"disabled_dates":125,"booked_dates":22,"available_dates":219,"timeslot_dates":219}
[2026-02-09 07:51:14] [INFO] Plugin initialized
[2026-02-09 07:51:17] [INFO] Plugin initialized
[2026-02-09 07:51:21] [INFO] Plugin initialized
[2026-02-09 07:52:09] [INFO] Plugin initialized
[2026-02-09 07:52:11] [INFO] Plugin initialized
[2026-02-09 07:52:11] [INFO] Plugin initialized
[2026-02-09 07:52:13] [INFO] Plugin initialized
[2026-02-09 07:52:14] [INFO] Plugin initialized
[2026-02-09 07:54:09] [INFO] Plugin initialized
[2026-02-09 07:54:11] [INFO] Plugin initialized
[2026-02-09 07:54:13] [INFO] Plugin initialized
[2026-02-09 07:54:14] [INFO] Plugin initialized
[2026-02-09 07:56:09] [INFO] Plugin initialized
[2026-02-09 07:56:11] [INFO] Plugin initialized
[2026-02-09 07:56:12] [INFO] Plugin initialized
[2026-02-09 07:56:14] [INFO] Plugin initialized
[2026-02-09 07:58:03] [INFO] Plugin initialized
[2026-02-09 07:58:05] [INFO] Plugin initialized
[2026-02-09 07:58:09] [INFO] Plugin initialized
[2026-02-09 07:58:11] [INFO] Plugin initialized
[2026-02-09 07:59:02] [INFO] Plugin initialized
[2026-02-09 07:59:04] [INFO] Plugin initialized
[2026-02-09 08:00:23] [INFO] Plugin initialized
[2026-02-09 08:00:30] [INFO] Plugin initialized
[2026-02-09 08:01:03] [INFO] Plugin initialized
[2026-02-09 08:01:05] [INFO] Plugin initialized
[2026-02-09 08:02:10] [INFO] Plugin initialized
[2026-02-09 08:02:12] [INFO] Plugin initialized
[2026-02-09 08:03:03] [INFO] Plugin initialized
[2026-02-09 08:03:04] [INFO] Plugin initialized
[2026-02-09 08:04:11] [INFO] Plugin initialized
[2026-02-09 08:04:12] [INFO] Plugin initialized
[2026-02-09 08:05:10] [INFO] Plugin initialized
[2026-02-09 08:05:11] [INFO] Plugin initialized
[2026-02-09 08:06:06] [INFO] Plugin initialized
[2026-02-09 08:06:08] [INFO] Plugin initialized
[2026-02-09 08:06:11] [INFO] Plugin initialized
[2026-02-09 08:06:12] [INFO] Plugin initialized
[2026-02-09 08:07:07] [INFO] Plugin initialized
[2026-02-09 08:07:08] [INFO] Plugin initialized
[2026-02-09 08:08:12] [INFO] Plugin initialized
[2026-02-09 08:08:14] [INFO] Plugin initialized
[2026-02-09 08:09:09] [INFO] Plugin initialized
[2026-02-09 08:09:12] [INFO] Plugin initialized
[2026-02-09 08:10:13] [INFO] Plugin initialized
[2026-02-09 08:10:15] [INFO] Plugin initialized
[2026-02-09 08:11:06] [INFO] Plugin initialized
[2026-02-09 08:11:07] [INFO] Plugin initialized
[2026-02-09 08:12:06] [INFO] Plugin initialized
[2026-02-09 08:12:07] [INFO] Plugin initialized
[2026-02-09 08:12:12] [INFO] Plugin initialized
[2026-02-09 08:12:13] [INFO] Plugin initialized
[2026-02-09 08:14:07] [INFO] Plugin initialized
[2026-02-09 08:14:08] [INFO] Plugin initialized
[2026-02-09 08:14:13] [INFO] Plugin initialized
[2026-02-09 08:14:14] [INFO] Plugin initialized
[2026-02-09 08:15:29] [INFO] Plugin initialized
[2026-02-09 08:15:31] [INFO] Plugin initialized
[2026-02-09 08:16:13] [INFO] Plugin initialized
[2026-02-09 08:16:14] [INFO] Plugin initialized
[2026-02-09 08:16:29] [INFO] Plugin initialized
[2026-02-09 08:16:30] [INFO] Plugin initialized
[2026-02-09 08:17:29] [INFO] Plugin initialized
[2026-02-09 08:17:31] [INFO] Plugin initialized
[2026-02-09 08:18:13] [INFO] Plugin initialized
[2026-02-09 08:18:14] [INFO] Plugin initialized
[2026-02-09 08:18:29] [INFO] Plugin initialized
[2026-02-09 08:18:30] [INFO] Plugin initialized
[2026-02-09 08:20:13] [INFO] Plugin initialized
[2026-02-09 08:20:15] [INFO] Plugin initialized
[2026-02-09 08:20:29] [INFO] Plugin initialized
[2026-02-09 08:20:31] [INFO] Plugin initialized
[2026-02-09 08:22:14] [INFO] Plugin initialized
[2026-02-09 08:22:16] [INFO] Plugin initialized
[2026-02-09 08:22:29] [INFO] Plugin initialized
[2026-02-09 08:22:31] [INFO] Plugin initialized
[2026-02-09 08:23:29] [INFO] Plugin initialized
[2026-02-09 08:23:30] [INFO] Plugin initialized
[2026-02-09 08:24:13] [INFO] Plugin initialized
[2026-02-09 08:24:15] [INFO] Plugin initialized
[2026-02-09 08:24:29] [INFO] Plugin initialized
[2026-02-09 08:24:31] [INFO] Plugin initialized
[2026-02-09 08:25:29] [INFO] Plugin initialized
[2026-02-09 08:25:31] [INFO] Plugin initialized
[2026-02-09 08:26:14] [INFO] Plugin initialized
[2026-02-09 08:26:15] [INFO] Plugin initialized
[2026-02-09 08:26:29] [INFO] Plugin initialized
[2026-02-09 08:26:31] [INFO] Plugin initialized
[2026-02-09 08:27:29] [INFO] Plugin initialized
[2026-02-09 08:27:31] [INFO] Plugin initialized
[2026-02-09 08:28:14] [INFO] Plugin initialized
[2026-02-09 08:28:15] [INFO] Plugin initialized
[2026-02-09 08:28:29] [INFO] Plugin initialized
[2026-02-09 08:28:30] [INFO] Plugin initialized
[2026-02-09 08:29:44] [INFO] Plugin initialized
[2026-02-09 08:29:46] [INFO] Plugin initialized
[2026-02-09 08:30:14] [INFO] Plugin initialized
[2026-02-09 08:30:16] [INFO] Plugin initialized
[2026-02-09 08:30:44] [INFO] Plugin initialized
[2026-02-09 08:30:46] [INFO] Plugin initialized
[2026-02-09 08:31:44] [INFO] Plugin initialized
[2026-02-09 08:31:45] [INFO] Plugin initialized
[2026-02-09 08:32:14] [INFO] Plugin initialized
[2026-02-09 08:32:15] [INFO] Plugin initialized
[2026-02-09 08:32:44] [INFO] Plugin initialized
[2026-02-09 08:32:45] [INFO] Plugin initialized
[2026-02-09 08:33:44] [INFO] Plugin initialized
[2026-02-09 08:33:46] [INFO] Plugin initialized
[2026-02-09 08:34:13] [INFO] Plugin initialized
[2026-02-09 08:34:15] [INFO] Plugin initialized
[2026-02-09 08:34:44] [INFO] Plugin initialized
[2026-02-09 08:34:46] [INFO] Plugin initialized
[2026-02-09 08:35:45] [INFO] Plugin initialized
[2026-02-09 08:35:46] [INFO] Plugin initialized
[2026-02-09 08:36:13] [INFO] Plugin initialized
[2026-02-09 08:36:14] [INFO] Plugin initialized
[2026-02-09 08:36:44] [INFO] Plugin initialized
[2026-02-09 08:36:45] [INFO] Plugin initialized
[2026-02-09 08:38:14] [INFO] Plugin initialized
[2026-02-09 08:38:15] [INFO] Plugin initialized
[2026-02-09 08:38:39] [INFO] Plugin initialized
[2026-02-09 08:38:41] [INFO] Plugin initialized
[2026-02-09 08:39:40] [INFO] Plugin initialized
[2026-02-09 08:39:41] [INFO] Plugin initialized
[2026-02-09 08:40:14] [INFO] Plugin initialized
[2026-02-09 08:40:16] [INFO] Plugin initialized
[2026-02-09 08:40:39] [INFO] Plugin initialized
[2026-02-09 08:40:41] [INFO] Plugin initialized
[2026-02-09 08:42:04] [INFO] Plugin initialized
[2026-02-09 08:42:06] [INFO] Plugin initialized
[2026-02-09 08:42:13] [INFO] Plugin initialized
[2026-02-09 08:42:15] [INFO] Plugin initialized
[2026-02-09 08:43:04] [INFO] Plugin initialized
[2026-02-09 08:43:06] [INFO] Plugin initialized
[2026-02-09 08:44:14] [INFO] Plugin initialized
[2026-02-09 08:44:15] [INFO] Plugin initialized
[2026-02-09 08:44:37] [INFO] Plugin initialized
[2026-02-09 08:44:38] [INFO] Plugin initialized
[2026-02-09 08:45:37] [INFO] Plugin initialized
[2026-02-09 08:45:39] [INFO] Plugin initialized
[2026-02-09 08:46:14] [INFO] Plugin initialized
[2026-02-09 08:46:15] [INFO] Plugin initialized
[2026-02-09 08:46:37] [INFO] Plugin initialized
[2026-02-09 08:46:39] [INFO] Plugin initialized
[2026-02-09 08:47:37] [INFO] Plugin initialized
[2026-02-09 08:47:39] [INFO] Plugin initialized
[2026-02-09 08:48:13] [INFO] Plugin initialized
[2026-02-09 08:48:16] [INFO] Plugin initialized
[2026-02-09 08:48:37] [INFO] Plugin initialized
[2026-02-09 08:48:39] [INFO] Plugin initialized
[2026-02-09 08:49:37] [INFO] Plugin initialized
[2026-02-09 08:49:38] [INFO] Plugin initialized
[2026-02-09 08:50:13] [INFO] Plugin initialized
[2026-02-09 08:50:15] [INFO] Plugin initialized
[2026-02-09 08:50:37] [INFO] Plugin initialized
[2026-02-09 08:50:38] [INFO] Plugin initialized
[2026-02-09 08:51:38] [INFO] Plugin initialized
[2026-02-09 08:51:40] [INFO] Plugin initialized
[2026-02-09 08:52:14] [INFO] Plugin initialized
[2026-02-09 08:52:16] [INFO] Plugin initialized
[2026-02-09 08:52:37] [INFO] Plugin initialized
[2026-02-09 08:52:38] [INFO] Plugin initialized
[2026-02-09 08:53:37] [INFO] Plugin initialized
[2026-02-09 08:53:39] [INFO] Plugin initialized
[2026-02-09 08:54:15] [INFO] Plugin initialized
[2026-02-09 08:54:17] [INFO] Plugin initialized
[2026-02-09 08:54:37] [INFO] Plugin initialized
[2026-02-09 08:54:39] [INFO] Plugin initialized
[2026-02-09 08:55:38] [INFO] Plugin initialized
[2026-02-09 08:55:40] [INFO] Plugin initialized
[2026-02-09 08:56:15] [INFO] Plugin initialized
[2026-02-09 08:56:16] [INFO] Plugin initialized
[2026-02-09 08:57:37] [INFO] Plugin initialized
[2026-02-09 08:57:39] [INFO] Plugin initialized
[2026-02-09 08:58:15] [INFO] Plugin initialized
[2026-02-09 08:58:16] [INFO] Plugin initialized
[2026-02-09 08:59:37] [INFO] Plugin initialized
[2026-02-09 08:59:38] [INFO] Plugin initialized
[2026-02-09 09:02:40] [INFO] Plugin initialized
[2026-02-09 09:02:42] [INFO] Plugin initialized
[2026-02-09 09:04:15] [INFO] Plugin initialized
[2026-02-09 09:04:17] [INFO] Plugin initialized
[2026-02-09 09:04:38] [INFO] Plugin initialized
[2026-02-09 09:04:40] [INFO] Plugin initialized
[2026-02-09 09:05:38] [INFO] Plugin initialized
[2026-02-09 09:05:40] [INFO] Plugin initialized
[2026-02-09 09:06:15] [INFO] Plugin initialized
[2026-02-09 09:06:17] [INFO] Plugin initialized
[2026-02-09 09:06:37] [INFO] Plugin initialized
[2026-02-09 09:06:39] [INFO] Plugin initialized
[2026-02-09 09:07:38] [INFO] Plugin initialized
[2026-02-09 09:07:39] [INFO] Plugin initialized
[2026-02-09 09:08:15] [INFO] Plugin initialized
[2026-02-09 09:08:17] [INFO] Plugin initialized
[2026-02-09 09:08:38] [INFO] Plugin initialized
[2026-02-09 09:08:39] [INFO] Plugin initialized
[2026-02-09 09:09:38] [INFO] Plugin initialized
[2026-02-09 09:09:40] [INFO] Plugin initialized
[2026-02-09 09:10:16] [INFO] Plugin initialized
[2026-02-09 09:10:18] [INFO] Plugin initialized
[2026-02-09 09:10:38] [INFO] Plugin initialized
[2026-02-09 09:10:39] [INFO] Plugin initialized
[2026-02-09 09:11:38] [INFO] Plugin initialized
[2026-02-09 09:11:40] [INFO] Plugin initialized
[2026-02-09 09:12:16] [INFO] Plugin initialized
[2026-02-09 09:12:18] [INFO] Plugin initialized
[2026-02-09 09:13:38] [INFO] Plugin initialized
[2026-02-09 09:13:41] [INFO] Plugin initialized
[2026-02-09 09:14:17] [INFO] Plugin initialized
[2026-02-09 09:14:18] [INFO] Plugin initialized
[2026-02-09 09:15:38] [INFO] Plugin initialized
[2026-02-09 09:15:40] [INFO] Plugin initialized
[2026-02-09 09:16:17] [INFO] Plugin initialized
[2026-02-09 09:16:20] [INFO] Plugin initialized
[2026-02-09 09:17:42] [INFO] Plugin initialized
[2026-02-09 09:17:44] [INFO] Plugin initialized
[2026-02-09 09:18:16] [INFO] Plugin initialized
[2026-02-09 09:18:18] [INFO] Plugin initialized
[2026-02-09 09:19:39] [INFO] Plugin initialized
[2026-02-09 09:19:40] [INFO] Plugin initialized
[2026-02-09 09:20:17] [INFO] Plugin initialized
[2026-02-09 09:20:19] [INFO] Plugin initialized
[2026-02-09 09:20:38] [INFO] Plugin initialized
[2026-02-09 09:20:39] [INFO] Plugin initialized
[2026-02-09 09:21:38] [INFO] Plugin initialized
[2026-02-09 09:21:40] [INFO] Plugin initialized
[2026-02-09 09:22:17] [INFO] Plugin initialized
[2026-02-09 09:22:18] [INFO] Plugin initialized
[2026-02-09 09:23:39] [INFO] Plugin initialized
[2026-02-09 09:23:41] [INFO] Plugin initialized
[2026-02-09 09:24:17] [INFO] Plugin initialized
[2026-02-09 09:24:19] [INFO] Plugin initialized
[2026-02-09 09:25:18] [INFO] Plugin initialized
[2026-02-09 09:25:20] [INFO] Plugin initialized
[2026-02-09 09:26:18] [INFO] Plugin initialized
[2026-02-09 09:26:19] [INFO] Plugin initialized
[2026-02-09 09:26:20] [INFO] Plugin initialized
[2026-02-09 09:28:18] [INFO] Plugin initialized
[2026-02-09 09:28:19] [INFO] Plugin initialized
[2026-02-09 09:28:20] [INFO] Plugin initialized
[2026-02-09 09:30:18] [INFO] Plugin initialized
[2026-02-09 09:30:19] [INFO] Plugin initialized
[2026-02-09 09:30:20] [INFO] Plugin initialized
[2026-02-09 09:30:29] [INFO] Plugin initialized
[2026-02-09 09:31:26] [INFO] Plugin initialized
[2026-02-09 09:31:27] [INFO] Plugin initialized
[2026-02-09 09:32:17] [INFO] Plugin initialized
[2026-02-09 09:32:19] [INFO] Plugin initialized
[2026-02-09 09:32:25] [INFO] Plugin initialized
[2026-02-09 09:32:26] [INFO] Plugin initialized
[2026-02-09 09:34:19] [INFO] Plugin initialized
[2026-02-09 09:34:21] [INFO] Plugin initialized
[2026-02-09 09:34:25] [INFO] Plugin initialized
[2026-02-09 09:34:26] [INFO] Plugin initialized
[2026-02-09 09:36:18] [INFO] Plugin initialized
[2026-02-09 09:36:19] [INFO] Plugin initialized
[2026-02-09 09:36:25] [INFO] Plugin initialized
[2026-02-09 09:36:26] [INFO] Plugin initialized
[2026-02-09 09:37:48] [INFO] Plugin initialized
[2026-02-09 09:37:49] [INFO] Plugin initialized
[2026-02-09 09:38:17] [INFO] Plugin initialized
[2026-02-09 09:38:18] [INFO] Plugin initialized
[2026-02-09 09:38:47] [INFO] Plugin initialized
[2026-02-09 09:38:49] [INFO] Plugin initialized
[2026-02-09 09:40:18] [INFO] Plugin initialized
[2026-02-09 09:40:20] [INFO] Plugin initialized
[2026-02-09 09:40:48] [INFO] Plugin initialized
[2026-02-09 09:40:51] [INFO] Plugin initialized
[2026-02-09 09:42:20] [INFO] Plugin initialized
[2026-02-09 09:42:22] [INFO] Plugin initialized
[2026-02-09 09:42:48] [INFO] Plugin initialized
[2026-02-09 09:42:50] [INFO] Plugin initialized
[2026-02-09 09:43:50] [INFO] Plugin initialized
[2026-02-09 09:43:52] [INFO] Plugin initialized
[2026-02-09 09:44:19] [INFO] Plugin initialized
[2026-02-09 09:44:25] [INFO] Plugin initialized
[2026-02-09 09:45:18] [INFO] Plugin initialized
[2026-02-09 09:45:20] [INFO] Plugin initialized
[2026-02-09 09:46:23] [INFO] Plugin initialized
[2026-02-09 09:46:26] [INFO] Plugin initialized
[2026-02-09 09:46:31] [INFO] Plugin initialized
[2026-02-09 09:47:17] [INFO] Plugin initialized
[2026-02-09 09:47:19] [INFO] Plugin initialized
[2026-02-09 09:48:17] [INFO] Plugin initialized
[2026-02-09 09:48:18] [INFO] Plugin initialized
[2026-02-09 09:49:16] [INFO] Plugin initialized
[2026-02-09 09:49:17] [INFO] Plugin initialized
[2026-02-09 09:50:18] [INFO] Plugin initialized
[2026-02-09 09:50:20] [INFO] Plugin initialized
[2026-02-09 09:51:16] [INFO] Plugin initialized
[2026-02-09 09:51:18] [INFO] Plugin initialized
[2026-02-09 09:52:19] [INFO] Plugin initialized
[2026-02-09 09:52:20] [INFO] Plugin initialized
[2026-02-09 09:52:23] [INFO] Plugin initialized
[2026-02-09 09:54:14] [INFO] Plugin initialized
[2026-02-09 09:54:15] [INFO] Plugin initialized
[2026-02-09 09:54:17] [INFO] Plugin initialized
[2026-02-09 09:54:18] [INFO] Plugin initialized
[2026-02-09 09:55:13] [INFO] Plugin initialized
[2026-02-09 09:55:14] [INFO] Plugin initialized
[2026-02-09 09:56:17] [INFO] Plugin initialized
[2026-02-09 09:56:19] [INFO] Plugin initialized
[2026-02-09 09:57:13] [INFO] Plugin initialized
[2026-02-09 09:57:14] [INFO] Plugin initialized
[2026-02-09 09:58:17] [INFO] Plugin initialized
[2026-02-09 09:58:19] [INFO] Plugin initialized
[2026-02-09 09:58:24] [INFO] Plugin initialized
[2026-02-09 09:58:25] [INFO] Plugin initialized
[2026-02-09 09:59:24] [INFO] Plugin initialized
[2026-02-09 09:59:26] [INFO] Plugin initialized
[2026-02-09 10:00:22] [INFO] Plugin initialized
[2026-02-09 10:00:25] [INFO] Plugin initialized
[2026-02-09 10:01:25] [INFO] Plugin initialized
[2026-02-09 10:01:26] [INFO] Plugin initialized
[2026-02-09 10:02:17] [INFO] Plugin initialized
[2026-02-09 10:02:19] [INFO] Plugin initialized
[2026-02-09 10:02:27] [INFO] Plugin initialized
[2026-02-09 10:02:28] [INFO] Plugin initialized
[2026-02-09 10:03:28] [INFO] Plugin initialized
[2026-02-09 10:03:29] [INFO] Plugin initialized
[2026-02-09 10:04:17] [INFO] Plugin initialized
[2026-02-09 10:04:19] [INFO] Plugin initialized
[2026-02-09 10:04:27] [INFO] Plugin initialized
[2026-02-09 10:04:28] [INFO] Plugin initialized
[2026-02-09 10:06:17] [INFO] Plugin initialized
[2026-02-09 10:06:19] [INFO] Plugin initialized
[2026-02-09 10:06:27] [INFO] Plugin initialized
[2026-02-09 10:06:28] [INFO] Plugin initialized
[2026-02-09 10:08:17] [INFO] Plugin initialized
[2026-02-09 10:08:19] [INFO] Plugin initialized
[2026-02-09 10:08:27] [INFO] Plugin initialized
[2026-02-09 10:08:28] [INFO] Plugin initialized
[2026-02-09 10:10:19] [INFO] Plugin initialized
[2026-02-09 10:10:21] [INFO] Plugin initialized
[2026-02-09 10:10:27] [INFO] Plugin initialized
[2026-02-09 10:10:28] [INFO] Plugin initialized
[2026-02-09 10:12:17] [INFO] Plugin initialized
[2026-02-09 10:12:19] [INFO] Plugin initialized
[2026-02-09 10:12:27] [INFO] Plugin initialized
[2026-02-09 10:12:29] [INFO] Plugin initialized
[2026-02-09 10:14:17] [INFO] Plugin initialized
[2026-02-09 10:14:19] [INFO] Plugin initialized
[2026-02-09 10:16:18] [INFO] Plugin initialized
[2026-02-09 10:16:19] [INFO] Plugin initialized
[2026-02-09 10:18:18] [INFO] Plugin initialized
[2026-02-09 10:18:19] [INFO] Plugin initialized
[2026-02-09 10:24:19] [INFO] Plugin initialized
[2026-02-09 10:24:21] [INFO] Plugin initialized
[2026-02-09 10:26:18] [INFO] Plugin initialized
[2026-02-09 10:26:20] [INFO] Plugin initialized
[2026-02-09 10:28:18] [INFO] Plugin initialized
[2026-02-09 10:28:19] [INFO] Plugin initialized
[2026-02-09 10:30:19] [INFO] Plugin initialized
[2026-02-09 10:30:21] [INFO] Plugin initialized
[2026-02-09 10:32:18] [INFO] Plugin initialized
[2026-02-09 10:32:20] [INFO] Plugin initialized
[2026-02-09 10:34:18] [INFO] Plugin initialized
[2026-02-09 10:34:19] [INFO] Plugin initialized
[2026-02-09 10:36:18] [INFO] Plugin initialized
[2026-02-09 10:36:20] [INFO] Plugin initialized
[2026-02-09 10:38:18] [INFO] Plugin initialized
[2026-02-09 10:38:20] [INFO] Plugin initialized
[2026-02-09 10:40:19] [INFO] Plugin initialized
[2026-02-09 10:40:20] [INFO] Plugin initialized
[2026-02-09 10:40:56] [INFO] Plugin initialized
[2026-02-09 10:40:57] [INFO] Plugin initialized
[2026-02-09 10:41:55] [INFO] Plugin initialized
[2026-02-09 10:41:57] [INFO] Plugin initialized
[2026-02-09 10:42:17] [INFO] Plugin initialized
[2026-02-09 10:42:19] [INFO] Plugin initialized
[2026-02-09 10:46:05] [INFO] Plugin initialized
[2026-02-09 10:46:08] [INFO] Plugin initialized
[2026-02-09 10:47:59] [INFO] Plugin initialized
[2026-02-09 10:48:01] [INFO] Plugin initialized
[2026-02-09 10:50:00] [INFO] Plugin initialized
[2026-02-09 10:50:14] [INFO] Plugin initialized
[2026-02-09 10:50:20] [INFO] Plugin initialized
[2026-02-09 10:50:23] [INFO] Plugin initialized
[2026-02-09 10:52:31] [INFO] Plugin initialized
[2026-02-09 10:52:33] [INFO] Plugin initialized
[2026-02-09 10:54:19] [INFO] Plugin initialized
[2026-02-09 10:54:21] [INFO] Plugin initialized
[2026-02-09 10:56:20] [INFO] Plugin initialized
[2026-02-09 10:56:22] [INFO] Plugin initialized
[2026-02-09 10:56:43] [INFO] Plugin initialized
[2026-02-09 10:56:44] [INFO] Plugin initialized
[2026-02-09 10:57:43] [INFO] Plugin initialized
[2026-02-09 10:57:44] [INFO] Plugin initialized
[2026-02-09 10:58:20] [INFO] Plugin initialized
[2026-02-09 10:58:22] [INFO] Plugin initialized
[2026-02-09 10:59:44] [INFO] Plugin initialized
[2026-02-09 10:59:46] [INFO] Plugin initialized
[2026-02-09 11:00:26] [INFO] Plugin initialized
[2026-02-09 11:00:29] [INFO] Plugin initialized
[2026-02-09 11:01:44] [INFO] Plugin initialized
[2026-02-09 11:01:46] [INFO] Plugin initialized
[2026-02-09 11:02:30] [INFO] Plugin initialized
[2026-02-09 11:02:32] [INFO] Plugin initialized
[2026-02-09 11:02:59] [INFO] Plugin initialized
[2026-02-09 11:03:01] [INFO] Plugin initialized
[2026-02-09 11:04:02] [INFO] Plugin initialized
[2026-02-09 11:04:04] [INFO] Plugin initialized
[2026-02-09 11:04:19] [INFO] Plugin initialized
[2026-02-09 11:04:20] [INFO] Plugin initialized
[2026-02-09 11:07:59] [INFO] Plugin initialized
[2026-02-09 11:08:02] [INFO] Plugin initialized
[2026-02-09 11:08:18] [INFO] Plugin initialized
[2026-02-09 11:08:19] [INFO] Plugin initialized
[2026-02-09 11:08:59] [INFO] Plugin initialized
[2026-02-09 11:09:05] [INFO] Plugin initialized
[2026-02-09 11:10:00] [INFO] Plugin initialized
[2026-02-09 11:10:10] [INFO] Plugin initialized
[2026-02-09 11:10:21] [INFO] Plugin initialized
[2026-02-09 11:10:24] [INFO] Plugin initialized
[2026-02-09 11:12:01] [INFO] Plugin initialized
[2026-02-09 11:12:04] [INFO] Plugin initialized
[2026-02-09 11:12:20] [INFO] Plugin initialized
[2026-02-09 11:12:23] [INFO] Plugin initialized
[2026-02-09 11:13:01] [INFO] Plugin initialized
[2026-02-09 11:13:05] [INFO] Plugin initialized
[2026-02-09 11:14:19] [INFO] Plugin initialized
[2026-02-09 11:14:20] [INFO] Plugin initialized
[2026-02-09 11:14:59] [INFO] Plugin initialized
[2026-02-09 11:15:01] [INFO] Plugin initialized
[2026-02-09 11:16:19] [INFO] Plugin initialized
[2026-02-09 11:16:20] [INFO] Plugin initialized
[2026-02-09 11:16:58] [INFO] Plugin initialized
[2026-02-09 11:17:00] [INFO] Plugin initialized
[2026-02-09 11:18:19] [INFO] Plugin initialized
[2026-02-09 11:18:20] [INFO] Plugin initialized
[2026-02-09 11:18:57] [INFO] Plugin initialized
[2026-02-09 11:18:59] [INFO] Plugin initialized
[2026-02-09 11:19:58] [INFO] Plugin initialized
[2026-02-09 11:20:00] [INFO] Plugin initialized
[2026-02-09 11:20:18] [INFO] Plugin initialized
[2026-02-09 11:20:20] [INFO] Plugin initialized
[2026-02-09 11:20:58] [INFO] Plugin initialized
[2026-02-09 11:21:00] [INFO] Plugin initialized
[2026-02-09 11:22:19] [INFO] Plugin initialized
[2026-02-09 11:22:21] [INFO] Plugin initialized
[2026-02-09 11:22:58] [INFO] Plugin initialized
[2026-02-09 11:22:59] [INFO] Plugin initialized
[2026-02-09 11:23:58] [INFO] Plugin initialized
[2026-02-09 11:24:00] [INFO] Plugin initialized
[2026-02-09 11:24:18] [INFO] Plugin initialized
[2026-02-09 11:24:20] [INFO] Plugin initialized
[2026-02-09 11:26:03] [INFO] Plugin initialized
[2026-02-09 11:26:06] [INFO] Plugin initialized
[2026-02-09 11:26:19] [INFO] Plugin initialized
[2026-02-09 11:26:20] [INFO] Plugin initialized
[2026-02-09 11:26:58] [INFO] Plugin initialized
[2026-02-09 11:26:59] [INFO] Plugin initialized
[2026-02-09 11:28:19] [INFO] Plugin initialized
[2026-02-09 11:28:20] [INFO] Plugin initialized
[2026-02-09 11:28:58] [INFO] Plugin initialized
[2026-02-09 11:28:59] [INFO] Plugin initialized
[2026-02-09 11:30:19] [INFO] Plugin initialized
[2026-02-09 11:30:22] [INFO] Plugin initialized
[2026-02-09 11:30:29] [INFO] Plugin initialized
[2026-02-09 11:30:31] [INFO] Plugin initialized
[2026-02-09 11:31:30] [INFO] Plugin initialized
[2026-02-09 11:31:31] [INFO] Plugin initialized
[2026-02-09 11:32:19] [INFO] Plugin initialized
[2026-02-09 11:32:20] [INFO] Plugin initialized
[2026-02-09 11:33:29] [INFO] Plugin initialized
[2026-02-09 11:33:31] [INFO] Plugin initialized
[2026-02-09 11:34:19] [INFO] Plugin initialized
[2026-02-09 11:34:21] [INFO] Plugin initialized
[2026-02-09 11:35:30] [INFO] Plugin initialized
[2026-02-09 11:35:32] [INFO] Plugin initialized
[2026-02-09 11:36:19] [INFO] Plugin initialized
[2026-02-09 11:36:21] [INFO] Plugin initialized
[2026-02-09 11:37:30] [INFO] Plugin initialized
[2026-02-09 11:37:31] [INFO] Plugin initialized
[2026-02-09 11:38:19] [INFO] Plugin initialized
[2026-02-09 11:38:20] [INFO] Plugin initialized
[2026-02-09 11:39:31] [INFO] Plugin initialized
[2026-02-09 11:39:32] [INFO] Plugin initialized
[2026-02-09 11:40:19] [INFO] Plugin initialized
[2026-02-09 11:40:21] [INFO] Plugin initialized
[2026-02-09 11:42:19] [INFO] Plugin initialized
[2026-02-09 11:42:22] [INFO] Plugin initialized
[2026-02-09 11:42:22] [INFO] Plugin initialized
[2026-02-09 11:43:22] [INFO] Plugin initialized
[2026-02-09 11:43:23] [INFO] Plugin initialized
[2026-02-09 11:44:19] [INFO] Plugin initialized
[2026-02-09 11:44:20] [INFO] Plugin initialized
[2026-02-09 11:45:21] [INFO] Plugin initialized
[2026-02-09 11:45:23] [INFO] Plugin initialized
[2026-02-09 11:46:19] [INFO] Plugin initialized
[2026-02-09 11:46:20] [INFO] Plugin initialized
[2026-02-09 11:47:21] [INFO] Plugin initialized
[2026-02-09 11:47:23] [INFO] Plugin initialized
[2026-02-09 11:48:19] [INFO] Plugin initialized
[2026-02-09 11:48:20] [INFO] Plugin initialized
[2026-02-09 11:49:21] [INFO] Plugin initialized
[2026-02-09 11:49:23] [INFO] Plugin initialized
[2026-02-09 11:50:21] [INFO] Plugin initialized
[2026-02-09 11:50:22] [INFO] Plugin initialized
[2026-02-09 11:51:21] [INFO] Plugin initialized
[2026-02-09 11:51:23] [INFO] Plugin initialized
[2026-02-09 11:52:20] [INFO] Plugin initialized
[2026-02-09 11:52:22] [INFO] Plugin initialized
[2026-02-09 11:54:20] [INFO] Plugin initialized
[2026-02-09 11:54:22] [INFO] Plugin initialized
[2026-02-09 11:56:21] [INFO] Plugin initialized
[2026-02-09 11:56:22] [INFO] Plugin initialized
[2026-02-09 11:58:20] [INFO] Plugin initialized
[2026-02-09 11:58:21] [INFO] Plugin initialized
[2026-02-09 12:00:37] [INFO] Plugin initialized
[2026-02-09 12:00:44] [INFO] Plugin initialized
[2026-02-09 12:02:21] [INFO] Plugin initialized
[2026-02-09 12:02:23] [INFO] Plugin initialized
[2026-02-09 12:04:20] [INFO] Plugin initialized
[2026-02-09 12:04:22] [INFO] Plugin initialized
[2026-02-09 12:06:21] [INFO] Plugin initialized
[2026-02-09 12:06:22] [INFO] Plugin initialized
[2026-02-09 12:08:20] [INFO] Plugin initialized
[2026-02-09 12:08:22] [INFO] Plugin initialized
[2026-02-09 12:10:21] [INFO] Plugin initialized
[2026-02-09 12:10:22] [INFO] Plugin initialized
[2026-02-09 12:12:22] [INFO] Plugin initialized
[2026-02-09 12:12:24] [INFO] Plugin initialized
[2026-02-09 12:14:21] [INFO] Plugin initialized
[2026-02-09 12:14:22] [INFO] Plugin initialized
[2026-02-09 12:16:21] [INFO] Plugin initialized
[2026-02-09 12:16:23] [INFO] Plugin initialized
[2026-02-09 12:18:21] [INFO] Plugin initialized
[2026-02-09 12:18:23] [INFO] Plugin initialized
[2026-02-09 12:18:58] [INFO] Plugin initialized
[2026-02-09 12:19:00] [INFO] Plugin initialized
[2026-02-09 12:20:21] [INFO] Plugin initialized
[2026-02-09 12:20:23] [INFO] Plugin initialized
[2026-02-09 12:22:21] [INFO] Plugin initialized
[2026-02-09 12:22:24] [INFO] Plugin initialized
[2026-02-09 12:24:21] [INFO] Plugin initialized
[2026-02-09 12:24:23] [INFO] Plugin initialized
[2026-02-09 12:26:21] [INFO] Plugin initialized
[2026-02-09 12:26:22] [INFO] Plugin initialized
[2026-02-09 12:28:20] [INFO] Plugin initialized
[2026-02-09 12:28:22] [INFO] Plugin initialized
[2026-02-09 12:30:23] [INFO] Plugin initialized
[2026-02-09 12:30:26] [INFO] Plugin initialized
[2026-02-09 12:32:22] [INFO] Plugin initialized
[2026-02-09 12:32:24] [INFO] Plugin initialized
[2026-02-09 12:34:21] [INFO] Plugin initialized
[2026-02-09 12:34:23] [INFO] Plugin initialized
[2026-02-09 12:36:22] [INFO] Plugin initialized
[2026-02-09 12:36:23] [INFO] Plugin initialized
[2026-02-09 12:38:22] [INFO] Plugin initialized
[2026-02-09 12:38:23] [INFO] Plugin initialized
[2026-02-09 12:40:22] [INFO] Plugin initialized
[2026-02-09 12:40:24] [INFO] Plugin initialized
[2026-02-09 12:42:22] [INFO] Plugin initialized
[2026-02-09 12:42:24] [INFO] Plugin initialized
[2026-02-09 12:44:22] [INFO] Plugin initialized
[2026-02-09 12:44:23] [INFO] Plugin initialized
[2026-02-09 12:46:22] [INFO] Plugin initialized
[2026-02-09 12:46:23] [INFO] Plugin initialized
[2026-02-09 12:48:22] [INFO] Plugin initialized
[2026-02-09 12:48:23] [INFO] Plugin initialized
[2026-02-09 12:50:22] [INFO] Plugin initialized
[2026-02-09 12:50:23] [INFO] Plugin initialized
[2026-02-09 12:52:23] [INFO] Plugin initialized
[2026-02-09 12:52:24] [INFO] Plugin initialized
[2026-02-09 12:54:22] [INFO] Plugin initialized
[2026-02-09 12:54:24] [INFO] Plugin initialized
[2026-02-09 12:56:21] [INFO] Plugin initialized
[2026-02-09 12:56:23] [INFO] Plugin initialized
[2026-02-09 12:58:21] [INFO] Plugin initialized
[2026-02-09 12:58:23] [INFO] Plugin initialized
[2026-02-09 13:00:28] [INFO] Plugin initialized
[2026-02-09 13:00:31] [INFO] Plugin initialized
[2026-02-09 13:02:22] [INFO] Plugin initialized
[2026-02-09 13:02:26] [INFO] Plugin initialized
[2026-02-09 13:04:22] [INFO] Plugin initialized
[2026-02-09 13:04:24] [INFO] Plugin initialized
[2026-02-09 13:06:22] [INFO] Plugin initialized
[2026-02-09 13:06:24] [INFO] Plugin initialized
[2026-02-09 13:08:22] [INFO] Plugin initialized
[2026-02-09 13:08:24] [INFO] Plugin initialized
[2026-02-09 13:10:22] [INFO] Plugin initialized
[2026-02-09 13:10:24] [INFO] Plugin initialized
[2026-02-09 13:12:22] [INFO] Plugin initialized
[2026-02-09 13:12:24] [INFO] Plugin initialized
[2026-02-09 13:15:53] [INFO] Plugin initialized
[2026-02-09 13:15:54] [INFO] Assets enqueued for booking form
[2026-02-09 13:15:55] [INFO] Booking form rendered with theme: blue
[2026-02-09 13:15:56] [INFO] Plugin initialized
[2026-02-09 13:17:23] [INFO] Plugin initialized
[2026-02-09 13:17:25] [INFO] Plugin initialized
[2026-02-09 13:19:23] [INFO] Plugin initialized
[2026-02-09 13:19:25] [INFO] Plugin initialized
[2026-02-09 13:21:24] [INFO] Plugin initialized
[2026-02-09 13:21:26] [INFO] Plugin initialized
[2026-02-09 13:23:24] [INFO] Plugin initialized
[2026-02-09 13:23:26] [INFO] Plugin initialized
[2026-02-10 12:03:47] [INFO] Plugin initialized
[2026-02-10 12:03:48] [INFO] Assets enqueued for booking form
[2026-02-10 12:03:49] [INFO] Booking form rendered with theme: blue
[2026-02-10 12:03:50] [INFO] Plugin initialized
[2026-02-10 12:04:08] [INFO] Plugin initialized
[2026-02-10 12:04:09] [INFO] Plugin initialized
[2026-02-10 12:04:10] [INFO] Plugin initialized
[2026-02-10 12:04:41] [INFO] Plugin initialized
[2026-02-10 12:04:44] [INFO] Plugin initialized
[2026-02-10 12:04:48] [INFO] Plugin initialized
[2026-02-10 12:04:49] [INFO] Plugin initialized
[2026-02-10 12:05:11] [INFO] Plugin initialized
[2026-02-10 12:05:13] [INFO] Plugin initialized
[2026-02-10 12:05:47] [INFO] Plugin initialized
[2026-02-10 12:05:48] [INFO] Plugin initialized
[2026-02-10 12:05:53] [INFO] Plugin initialized
[2026-02-10 12:05:55] [INFO] Plugin initialized
[2026-02-10 12:06:15] [INFO] Plugin initialized
[2026-02-10 12:06:18] [INFO] Plugin initialized
[2026-02-10 12:06:18] [INFO] Plugin initialized
[2026-02-10 12:06:38] [INFO] Plugin initialized
[2026-02-10 12:06:40] [INFO] Plugin initialized
[2026-02-10 12:06:44] [INFO] Plugin initialized
[2026-02-10 12:06:47] [INFO] Plugin initialized
[2026-02-10 12:06:47] [INFO] Plugin initialized
[2026-02-10 12:06:49] [INFO] Plugin initialized
[2026-02-10 12:06:51] [INFO] Plugin initialized
[2026-02-10 12:06:53] [INFO] Plugin initialized
[2026-02-10 12:06:53] [INFO] Plugin initialized
[2026-02-10 12:07:06] [INFO] Plugin initialized
[2026-02-10 12:07:07] [INFO] Plugin initialized
[2026-02-10 12:07:14] [INFO] Plugin initialized
[2026-02-10 12:07:16] [INFO] Plugin initialized
[2026-02-10 12:07:19] [INFO] Plugin initialized
[2026-02-10 12:07:20] [INFO] Plugin initialized
[2026-02-10 12:07:48] [INFO] Plugin initialized
[2026-02-10 12:07:49] [INFO] Plugin initialized
[2026-02-10 12:08:05] [INFO] Plugin initialized
[2026-02-10 12:08:07] [INFO] Plugin initialized
[2026-02-10 12:08:10] [INFO] Plugin initialized
[2026-02-10 12:08:12] [INFO] Plugin initialized
[2026-02-10 12:08:15] [INFO] Plugin initialized
[2026-02-10 12:08:16] [INFO] Plugin initialized
[2026-02-10 12:08:19] [INFO] Plugin initialized
[2026-02-10 12:08:21] [INFO] Plugin initialized
[2026-02-10 12:08:24] [INFO] Plugin initialized
[2026-02-10 12:08:25] [INFO] Plugin initialized
[2026-02-10 12:08:28] [INFO] Plugin initialized
[2026-02-10 12:08:30] [INFO] Plugin initialized
[2026-02-10 12:08:32] [INFO] Plugin initialized
[2026-02-10 12:08:32] [INFO] Plugin initialized
[2026-02-10 12:08:35] [INFO] Plugin initialized
[2026-02-10 12:08:36] [INFO] Plugin initialized
[2026-02-10 12:08:37] [INFO] Plugin initialized
[2026-02-10 12:09:26] [INFO] Plugin initialized
[2026-02-10 12:09:30] [INFO] Plugin initialized
[2026-02-10 12:09:31] [INFO] Plugin initialized
[2026-02-10 12:09:32] [INFO] Plugin initialized
[2026-02-10 12:09:37] [INFO] Plugin initialized
[2026-02-10 12:09:39] [INFO] Plugin initialized
[2026-02-10 12:09:46] [INFO] Plugin initialized
[2026-02-10 12:09:47] [INFO] Plugin initialized
[2026-02-10 12:09:48] [INFO] Plugin initialized
[2026-02-10 12:09:50] [INFO] Plugin initialized
[2026-02-10 12:09:51] [INFO] Plugin initialized
[2026-02-10 12:10:12] [INFO] Plugin initialized
[2026-02-10 12:10:14] [INFO] Plugin initialized
[2026-02-10 12:10:17] [INFO] Plugin initialized
[2026-02-10 12:10:19] [INFO] Plugin initialized
[2026-02-10 12:10:21] [INFO] Plugin initialized
[2026-02-10 12:10:23] [INFO] Plugin initialized
[2026-02-10 12:10:24] [INFO] Plugin initialized
[2026-02-10 12:10:28] [INFO] Plugin initialized
[2026-02-10 12:10:28] [INFO] Plugin initialized
[2026-02-10 12:10:30] [INFO] Plugin initialized
[2026-02-10 12:10:32] [INFO] Plugin initialized
[2026-02-10 12:10:35] [INFO] Plugin initialized
[2026-02-10 12:10:42] [INFO] Plugin initialized
[2026-02-10 12:10:43] [INFO] Plugin initialized
[2026-02-10 12:10:44] [INFO] Plugin initialized
[2026-02-14 14:31:04] [INFO] Assets enqueued for booking form
[2026-02-14 14:31:05] [INFO] Booking form rendered with config: {"theme":"blue","service_id":84,"location_id":1}
[2026-02-14 14:31:37] [INFO] [TB Session] Saved service: Array
[2026-02-14 14:31:52] [INFO] [TB AJAX] === Availability Request Received ===
[2026-02-14 14:31:52] [INFO] [TB AJAX] POST data: Array
(
    [action] => tb_get_therapist_availability
    [therapist] => {\"id\":18,\"name\":\"Taner Mete\",\"image\":\"https://hypnova.ch/stargazer/wp-content/uploads/2024/02/2023_05_26_Ayla_Newborn_web-146.jpg\",\"rating\":\"\"}
    [service_id] => 84
    [location_id] => 1
    [nonce] => 076dc2dd6c
)

[2026-02-14 14:31:52] [INFO] [TB AJAX] POST Therapist Data: {\"id\":18,\"name\":\"Taner Mete\",\"image\":\"https://hypnova.ch/stargazer/wp-content/uploads/2024/02/2023_05_26_Ayla_Newborn_web-146.jpg\",\"rating\":\"\"}
[2026-02-14 14:31:52] [INFO] [TB AJAX] ✓ Nonce verified successfully
[2026-02-14 14:31:52] [INFO] [TB AJAX] POST Data - tb_therapist: Array
[2026-02-14 14:31:52] [INFO] [TB AJAX] POST Data - service_id: 84, location_id: 1
[2026-02-14 14:31:52] [INFO] [TB AJAX] ✓ Amelia integration file loaded
[2026-02-14 14:31:52] [INFO] [TB AJAX] Fetching availability for therapist ID: 18, Service: 84, Location: 1
[2026-02-14 14:31:52] [INFO] === Starting availability fetch for therapist ID: 18 ===
[2026-02-14 14:31:52] [INFO] Calling Amelia API...
[2026-02-14 14:31:52] [INFO] Date range: 2026-02-14 to 2027-02-14
[2026-02-14 14:31:52] [INFO] API URL: https://hypnova.ch/stargazer/wp-admin/admin-ajax.php?action=wpamelia_api&call=/slots&startDateTime=2026-02-14&endDateTime=2027-02-14&monthsLoad=1&locationId=1&serviceId=84&serviceDuration=7200&providerIds[]=18&extras=[]&group=1&page=booking&structured=true&persons=1
[2026-02-14 14:31:58] [INFO] Response code: 200
[2026-02-14 14:31:58] [SUCCESS] Response received, length: 31798 bytes
[2026-02-14 14:31:58] [SUCCESS] JSON decoded successfully
[2026-02-14 14:31:58] [INFO] Data keys: minimum, maximum, slots, occupied, busyness, lastProvider, appCount, duration
[2026-02-14 14:31:58] [SUCCESS] API call successful!
[2026-02-14 14:31:58] [INFO] === Starting to parse API response ===
[2026-02-14 14:31:58] [INFO] Available dates with free slots: 216
[2026-02-14 14:31:58] [INFO] Dates with occupied slots: 48
[2026-02-14 14:31:58] [INFO] Sample - 2026-03-09: 16:30
[2026-02-14 14:31:58] [INFO] Sample - 2026-03-10: 16:30
[2026-02-14 14:31:58] [INFO] Sample - 2026-03-17: 12:00, 14:30, 17:00
[2026-02-14 14:31:58] [INFO] Processing availability data...
[2026-02-14 14:31:58] [INFO] Total dates in range: 366
[2026-02-14 14:31:58] [SUCCESS] Processed all dates
[2026-02-14 14:31:58] [SUCCESS] === Parsing complete ===
[2026-02-14 14:31:58] [INFO] Disabled dates: 122
[2026-02-14 14:31:58] [INFO] Booked dates: 28
[2026-02-14 14:31:58] [INFO] Available dates: 216
[2026-02-14 14:31:58] [INFO] Dates with available slots: 216
[2026-02-14 14:31:58] [INFO] [TB AJAX] ✓ Availability data retrieved successfully
[2026-02-14 14:31:58] [INFO] [TB AJAX] Data summary: {"disabled_dates":122,"booked_dates":28,"available_dates":216,"timeslot_dates":216}
[2026-02-14 14:31:59] [INFO] [TB Session] Saved therapist: Array
[2026-02-14 14:32:23] [INFO] [TB Session] Saved datetime: Array
[2026-02-14 14:32:35] [INFO] [TB Session] Attempting to create appointment with data:
Service: Array
(
    [id] => 84
    [name] => Raucherentwöhnung
)

Therapist: Array
(
    [id] => 18
    [name] => Taner Mete
    [image] => https://hypnova.ch/stargazer/wp-content/uploads/2024/02/2023_05_26_Ayla_Newborn_web-146.jpg
    [rating] => 
)

Datetime: Array
(
    [id] => 
    [block] => Array
        (
            [0] => 2026-05-18
            [1] => 2026-05-19
            [2] => 2026-05-20
        )

    [selections] => Array
        (
            [0] => Array
                (
                    [date] => 2026-05-18
                    [time] => 13:00
                    [timestamp] => 1779091200000
                    [fullDateTime] => 2026-05-18 13:00
                )

            [1] => Array
                (
                    [date] => 2026-05-19
                    [time] => 17:00
                    [timestamp] => 1779192000000
                    [fullDateTime] => 2026-05-19 17:00
                )

            [2] => Array
                (
                    [date] => 2026-05-20
                    [time] => 09:30
                    [timestamp] => 1779251400000
                    [fullDateTime] => 2026-05-20 09:30
                )

        )

    [timestamp] => 1771061540971
)

User Info: Array
(
    [name] => dfd dfdfd
    [email] => raosajdi198@gmail.com
    [phone] => 444
    [notes] => Custom Appointment
    [first_name] => dfd
    [last_name] => dfdfd
    [address] => 444
)

[2026-02-14 14:32:35] [info] === Starting Amelia Appointment Creation ===
[2026-02-14 14:32:35] [success] Customer exists: 690
[2026-02-14 14:32:35] [info] Creating booking directly in database
[2026-02-14 14:32:35] [success] Appointment created with ID: 1662
[2026-02-14 14:32:35] [success] Customer booking created with ID: 1662
[2026-02-14 14:32:35] [info] Creating booking directly in database
[2026-02-14 14:32:35] [success] Appointment created with ID: 1663
[2026-02-14 14:32:35] [success] Customer booking created with ID: 1663
[2026-02-14 14:32:35] [info] Creating booking directly in database
[2026-02-14 14:32:35] [success] Appointment created with ID: 1664
[2026-02-14 14:32:35] [success] Customer booking created with ID: 1664
[2026-02-14 14:32:35] [success] === Appointment Creation Completed ===
[2026-02-14 14:32:35] [INFO] [TB Session] Appointment created successfully: Array
(
    [status] => confirmed
    [data] => Array
        (
            [message] => All appointments created successfully
            [bookings] => Array
                (
                    [0] => Array
                        (
                            [appointmentId] => 1662
                            [bookingId] => 1662
                            [status] => approved
                        )

                    [1] => Array
                        (
                            [appointmentId] => 1663
                            [bookingId] => 1663
                            [status] => approved
                        )

                    [2] => Array
                        (
                            [appointmentId] => 1664
                            [bookingId] => 1664
                            [status] => approved
                        )

                )

            [customerId] => 690
            [totalBooked] => 3
        )

)

[2026-02-14 14:32:42] [INFO] Assets enqueued for booking form
[2026-02-14 14:32:43] [INFO] Booking form rendered with config: {"theme":"blue","service_id":84,"location_id":1}
[2026-02-14 14:33:02] [INFO] [TB Session] Saved service: Array
[2026-02-14 14:35:37] [INFO] Assets enqueued for booking form
[2026-02-14 14:35:38] [INFO] Booking form rendered with config: {"theme":"blue","service_id":84,"location_id":1}
[2026-02-14 14:36:12] [INFO] [TB Session] Saved service: Array
